CustomerID,Age,Gender,MaritalStatus,NumChildren,EducationLevel,AnnualIncome,NumAccounts,TotalCreditLine
1000001,70,Female,Married,2,BACHELORS,101920.00,4,40768.00
1000002,72,Female,Single,2,HIGH_SCHOOL,81952.00,3,24585.60
1000003,21,Female,Married,0,BACHELORS,81536.00,2,16307.20
1000004,38,Male,Single,2,HIGH_SCHOOL,67808.00,3,20342.40
1000005,28,Male,Married,0,HIGH_SCHOOL,63648.00,2,12729.60
1000006,59,Female,Married,3,BACHELORS,97344.00,5,48672.00
1000007,58,Female,Single,2,BACHELORS,96928.00,3,29078.40
1000008,45,Male,Married,3,HIGH_SCHOOL,70720.00,5,35360.00
1000009,44,Female,Married,1,MASTERS,111904.00,3,33571.20
1000010,47,Male,Married,1,HIGH_SCHOOL,71552.00,3,21465.60
1000011,79,Female,Single,3,HIGH_SCHOOL,84864.00,4,33945.60
1000012,61,Female,Married,1,HIGH_SCHOOL,77376.00,3,23212.80
1000013,40,Male,Married,0,HIGH_SCHOOL,68640.00,2,13728.00
1000014,54,Female,Married,2,NO_EDUCATION,53664.00,4,21465.60
1000015,61,Male,Single,1,MASTERS,118976.00,2,23795.20
1000016,51,Female,Single,3,HIGH_SCHOOL,73216.00,4,29286.40
1000017,75,Male,Married,2,NO_EDUCATION,62400.00,4,24960.00
1000018,52,Male,Married,2,PHD,136032.00,4,54412.80
1000019,51,Female,Married,3,HIGH_SCHOOL,73216.00,5,36608.00
1000020,69,Female,Married,4,PHD,143104.00,6,85862.40
1000021,45,Female,Married,2,BACHELORS,91520.00,4,36608.00
1000022,24,Female,Single,2,HIGH_SCHOOL,61984.00,3,18595.20
1000023,42,Female,Single,3,HIGH_SCHOOL,69472.00,4,27788.80
1000024,77,Male,Married,1,HIGH_SCHOOL,84032.00,3,25209.60
1000025,50,Female,Married,1,HIGH_SCHOOL,72800.00,3,21840.00
1000026,39,Male,Single,2,MASTERS,109824.00,3,32947.20
1000027,29,Male,Single,2,BACHELORS,84864.00,3,25459.20
1000028,55,Female,Married,2,BACHELORS,95680.00,4,38272.00
1000029,25,Male,Married,2,MASTERS,104000.00,4,41600.00
1000030,21,Male,Single,2,HIGH_SCHOOL,60736.00,3,18220.80
1000031,50,Male,Single,2,HIGH_SCHOOL,72800.00,3,21840.00
1000032,66,Female,Single,2,MASTERS,121056.00,3,36316.80
1000033,61,Female,Single,1,HIGH_SCHOOL,77376.00,2,15475.20
1000034,27,Male,Married,2,HIGH_SCHOOL,63232.00,4,25292.80
1000035,50,Male,Married,3,BACHELORS,93600.00,5,46800.00
1000036,43,Male,Married,3,HIGH_SCHOOL,69888.00,5,34944.00
1000037,67,Male,Married,3,BACHELORS,100672.00,5,50336.00
1000038,54,Male,Married,1,HIGH_SCHOOL,74464.00,3,22339.20
1000039,26,Female,Single,0,NO_EDUCATION,42016.00,1,4201.60
1000040,38,Female,Single,0,BACHELORS,88608.00,1,8860.80
1000041,56,Female,Married,1,HIGH_SCHOOL,75296.00,3,22588.80
1000042,75,Male,Single,0,NO_EDUCATION,62400.00,1,6240.00
1000043,55,Female,Married,4,HIGH_SCHOOL,74880.00,6,44928.00
1000044,57,Female,Married,2,HIGH_SCHOOL,75712.00,4,30284.80
1000045,62,Male,Married,3,HIGH_SCHOOL,77792.00,5,38896.00
1000046,45,Female,Single,1,HIGH_SCHOOL,70720.00,2,14144.00
1000047,29,Female,Single,0,HIGH_SCHOOL,64064.00,1,6406.40
1000048,21,Male,Single,2,HIGH_SCHOOL,60736.00,3,18220.80
1000049,29,Female,Single,0,HIGH_SCHOOL,64064.00,1,6406.40
1000050,30,Male,Single,0,MASTERS,106080.00,1,10608.00
1000051,63,Female,Single,3,MASTERS,119808.00,4,47923.20
1000052,60,Female,Single,2,BACHELORS,97760.00,3,29328.00
1000053,35,Male,Single,2,PHD,128960.00,3,38688.00
1000054,23,Female,Single,0,BACHELORS,82368.00,1,8236.80
1000055,55,Male,Single,2,HIGH_SCHOOL,74880.00,3,22464.00
1000056,63,Female,Single,3,BACHELORS,99008.00,4,39603.20
1000057,73,Female,Single,4,MASTERS,123968.00,5,61984.00
1000058,27,Male,Single,2,BACHELORS,84032.00,3,25209.60
1000059,75,Female,Single,2,HIGH_SCHOOL,83200.00,3,24960.00
1000060,53,Female,Married,1,BACHELORS,94848.00,3,28454.40
1000061,48,Male,Single,1,BACHELORS,92768.00,2,18553.60
1000062,58,Female,Married,3,PHD,138528.00,5,69264.00
1000063,37,Male,Married,0,HIGH_SCHOOL,67392.00,2,13478.40
1000064,22,Male,Single,1,HIGH_SCHOOL,61152.00,2,12230.40
1000065,42,Female,Single,2,HIGH_SCHOOL,69472.00,3,20841.60
1000066,26,Female,Single,3,HIGH_SCHOOL,62816.00,4,25126.40
1000067,22,Female,Single,2,BACHELORS,81952.00,3,24585.60
1000068,62,Male,Single,4,HIGH_SCHOOL,77792.00,5,38896.00
1000069,45,Male,Married,1,HIGH_SCHOOL,70720.00,3,21216.00
1000070,25,Male,Married,1,HIGH_SCHOOL,62400.00,3,18720.00
1000071,50,Female,Single,3,PHD,135200.00,4,54080.00
1000072,61,Female,Married,3,BACHELORS,98176.00,5,49088.00
1000073,53,Female,Married,2,HIGH_SCHOOL,74048.00,4,29619.20
1000074,28,Male,Single,3,BACHELORS,84448.00,4,33779.20
1000075,54,Female,Single,2,BACHELORS,95264.00,3,28579.20
1000076,59,Female,Married,3,HIGH_SCHOOL,76544.00,5,38272.00
1000077,78,Male,Married,1,BACHELORS,105248.00,3,31574.40
1000078,22,Female,Single,1,MASTERS,102752.00,2,20550.40
1000079,38,Male,Married,0,MASTERS,109408.00,2,21881.60
1000080,74,Female,Married,2,HIGH_SCHOOL,82784.00,4,33113.60
1000081,77,Male,Single,3,HIGH_SCHOOL,84032.00,4,33612.80
1000082,27,Female,Single,2,MASTERS,104832.00,3,31449.60
1000083,65,Male,Single,0,MASTERS,120640.00,1,12064.00
1000084,47,Female,Married,3,BACHELORS,92352.00,5,46176.00
1000085,34,Female,Married,2,NO_EDUCATION,45344.00,4,18137.60
1000086,36,Male,Married,2,BACHELORS,87776.00,4,35110.40
1000087,54,Male,Married,2,NO_EDUCATION,53664.00,4,21465.60
1000088,52,Female,Married,2,HIGH_SCHOOL,73632.00,4,29452.80
1000089,63,Male,Married,0,NO_EDUCATION,57408.00,2,11481.60
1000090,23,Male,Single,2,BACHELORS,82368.00,3,24710.40
1000091,51,Male,Married,3,NO_EDUCATION,52416.00,5,26208.00
1000092,33,Female,Married,2,BACHELORS,86528.00,4,34611.20
1000093,74,Female,Single,3,MASTERS,124384.00,4,49753.60
1000094,27,Female,Single,0,MASTERS,104832.00,1,10483.20
1000095,30,Female,Single,1,BACHELORS,85280.00,2,17056.00
1000096,39,Female,Married,0,NO_EDUCATION,47424.00,2,9484.80
1000097,63,Male,Single,2,NO_EDUCATION,57408.00,3,17222.40
1000098,38,Male,Single,0,MASTERS,109408.00,1,10940.80
1000099,47,Male,Married,1,HIGH_SCHOOL,71552.00,3,21465.60
1000100,38,Male,Married,1,HIGH_SCHOOL,67808.00,3,20342.40
1000101,79,Female,Married,1,BACHELORS,105664.00,3,31699.20
1000102,62,Female,Married,2,HIGH_SCHOOL,77792.00,4,31116.80
1000103,45,Female,Married,2,BACHELORS,91520.00,4,36608.00
1000104,49,Male,Married,1,MASTERS,113984.00,3,34195.20
1000105,33,Female,Single,2,BACHELORS,86528.00,3,25958.40
1000106,64,Female,Married,0,BACHELORS,99424.00,2,19884.80
1000107,44,Female,Married,2,MASTERS,111904.00,4,44761.60
1000108,75,Male,Single,3,NO_EDUCATION,62400.00,4,24960.00
1000109,75,Male,Single,1,MASTERS,124800.00,2,24960.00
1000110,30,Female,Married,2,BACHELORS,85280.00,4,34112.00
1000111,36,Male,Single,2,HIGH_SCHOOL,66976.00,3,20092.80
1000112,73,Female,Single,2,HIGH_SCHOOL,82368.00,3,24710.40
1000113,29,Female,Single,1,HIGH_SCHOOL,64064.00,2,12812.80
1000114,41,Male,Married,3,NO_EDUCATION,48256.00,5,24128.00
1000115,46,Male,Married,1,HIGH_SCHOOL,71136.00,3,21340.80
1000116,28,Female,Single,2,HIGH_SCHOOL,63648.00,3,19094.40
1000117,42,Female,Married,3,HIGH_SCHOOL,69472.00,5,34736.00
1000118,75,Male,Single,3,HIGH_SCHOOL,83200.00,4,33280.00
1000119,46,Female,Married,3,PHD,133536.00,5,66768.00
1000120,39,Male,Married,1,BACHELORS,89024.00,3,26707.20
1000121,53,Male,Single,1,NO_EDUCATION,53248.00,2,10649.60
1000122,63,Male,Married,1,HIGH_SCHOOL,78208.00,3,23462.40
1000123,68,Male,Married,1,HIGH_SCHOOL,80288.00,3,24086.40
1000124,48,Male,Single,0,HIGH_SCHOOL,71968.00,1,7196.80
1000125,29,Female,Single,1,BACHELORS,84864.00,2,16972.80
1000126,30,Male,Single,1,HIGH_SCHOOL,64480.00,2,12896.00
1000127,78,Female,Single,3,NO_EDUCATION,63648.00,4,25459.20
1000128,63,Male,Single,0,HIGH_SCHOOL,78208.00,1,7820.80
1000129,74,Male,Married,1,NO_EDUCATION,61984.00,3,18595.20
1000130,72,Male,Single,3,HIGH_SCHOOL,81952.00,4,32780.80
1000131,64,Female,Single,2,HIGH_SCHOOL,78624.00,3,23587.20
1000132,45,Female,Married,1,HIGH_SCHOOL,70720.00,3,21216.00
1000133,39,Female,Married,2,HIGH_SCHOOL,68224.00,4,27289.60
1000134,23,Male,Married,0,HIGH_SCHOOL,61568.00,2,12313.60
1000135,33,Female,Married,0,BACHELORS,86528.00,2,17305.60
1000136,53,Female,Married,2,HIGH_SCHOOL,74048.00,4,29619.20
1000137,79,Male,Single,3,MASTERS,126464.00,4,50585.60
1000138,76,Male,Married,1,MASTERS,125216.00,3,37564.80
1000139,47,Male,Single,3,HIGH_SCHOOL,71552.00,4,28620.80
1000140,74,Male,Married,2,HIGH_SCHOOL,82784.00,4,33113.60
1000141,61,Female,Married,1,MASTERS,118976.00,3,35692.80
1000142,35,Male,Married,1,HIGH_SCHOOL,66560.00,3,19968.00
1000143,22,Male,Married,0,HIGH_SCHOOL,61152.00,2,12230.40
1000144,36,Female,Married,1,HIGH_SCHOOL,66976.00,3,20092.80
1000145,51,Male,Married,2,MASTERS,114816.00,4,45926.40
1000146,62,Female,Married,1,HIGH_SCHOOL,77792.00,3,23337.60
1000147,50,Female,Married,2,HIGH_SCHOOL,72800.00,4,29120.00
1000148,78,Male,Married,2,HIGH_SCHOOL,84448.00,4,33779.20
1000149,51,Female,Married,2,BACHELORS,94016.00,4,37606.40
1000150,27,Male,Single,1,HIGH_SCHOOL,63232.00,2,12646.40
1000151,27,Male,Married,2,BACHELORS,84032.00,4,33612.80
1000152,69,Male,Single,2,HIGH_SCHOOL,80704.00,3,24211.20
1000153,58,Female,Single,3,MASTERS,117728.00,4,47091.20
1000154,51,Male,Single,3,NO_EDUCATION,52416.00,4,20966.40
1000155,61,Female,Single,1,HIGH_SCHOOL,77376.00,2,15475.20
1000156,76,Female,Married,1,MASTERS,125216.00,3,37564.80
1000157,39,Female,Single,1,HIGH_SCHOOL,68224.00,2,13644.80
1000158,48,Female,Married,1,MASTERS,113568.00,3,34070.40
1000159,46,Female,Married,1,HIGH_SCHOOL,71136.00,3,21340.80
1000160,33,Female,Married,3,PHD,128128.00,5,64064.00
1000161,28,Male,Single,0,BACHELORS,84448.00,1,8444.80
1000162,28,Male,Single,2,HIGH_SCHOOL,63648.00,3,19094.40
1000163,47,Male,Married,3,BACHELORS,92352.00,5,46176.00
1000164,41,Male,Single,3,HIGH_SCHOOL,69056.00,4,27622.40
1000165,68,Male,Single,4,NO_EDUCATION,59488.00,5,29744.00
1000166,40,Male,Married,0,NO_EDUCATION,47840.00,2,9568.00
1000167,72,Female,Married,3,HIGH_SCHOOL,81952.00,5,40976.00
1000168,37,Male,Single,1,HIGH_SCHOOL,67392.00,2,13478.40
1000169,56,Male,Single,1,NO_EDUCATION,54496.00,2,10899.20
1000170,38,Female,Single,0,BACHELORS,88608.00,1,8860.80
1000171,36,Male,Married,3,HIGH_SCHOOL,66976.00,5,33488.00
1000172,20,Female,Single,0,MASTERS,101920.00,1,10192.00
1000173,44,Male,Married,2,MASTERS,111904.00,4,44761.60
1000174,29,Male,Single,0,HIGH_SCHOOL,64064.00,1,6406.40
1000175,65,Female,Single,3,HIGH_SCHOOL,79040.00,4,31616.00
1000176,27,Female,Single,0,BACHELORS,84032.00,1,8403.20
1000177,65,Female,Married,0,HIGH_SCHOOL,79040.00,2,15808.00
1000178,40,Male,Married,0,HIGH_SCHOOL,68640.00,2,13728.00
1000179,63,Male,Single,4,BACHELORS,99008.00,5,49504.00
1000180,69,Female,Married,1,NO_EDUCATION,59904.00,3,17971.20
1000181,52,Female,Married,2,MASTERS,115232.00,4,46092.80
1000182,41,Male,Married,2,BACHELORS,89856.00,4,35942.40
1000183,54,Male,Married,1,BACHELORS,95264.00,3,28579.20
1000184,28,Female,Single,1,HIGH_SCHOOL,63648.00,2,12729.60
1000185,54,Female,Married,2,HIGH_SCHOOL,74464.00,4,29785.60
1000186,73,Female,Single,2,HIGH_SCHOOL,82368.00,3,24710.40
1000187,21,Male,Married,0,BACHELORS,81536.00,2,16307.20
1000188,47,Female,Married,1,NO_EDUCATION,50752.00,3,15225.60
1000189,51,Male,Single,4,HIGH_SCHOOL,73216.00,5,36608.00
1000190,22,Male,Single,2,MASTERS,102752.00,3,30825.60
1000191,47,Male,Married,3,BACHELORS,92352.00,5,46176.00
1000192,22,Female,Single,1,MASTERS,102752.00,2,20550.40
1000193,44,Female,Married,1,PHD,132704.00,3,39811.20
1000194,50,Female,Single,1,HIGH_SCHOOL,72800.00,2,14560.00
1000195,73,Female,Married,1,HIGH_SCHOOL,82368.00,3,24710.40
1000196,55,Male,Married,1,MASTERS,116480.00,3,34944.00
1000197,50,Male,Married,1,HIGH_SCHOOL,72800.00,3,21840.00
1000198,40,Female,Married,1,NO_EDUCATION,47840.00,3,14352.00
1000199,74,Male,Married,4,HIGH_SCHOOL,82784.00,6,49670.40
1000200,65,Male,Single,0,HIGH_SCHOOL,79040.00,1,7904.00
1000201,27,Female,Married,1,HIGH_SCHOOL,63232.00,3,18969.60
1000202,47,Female,Single,3,HIGH_SCHOOL,71552.00,4,28620.80
1000203,51,Male,Married,2,HIGH_SCHOOL,73216.00,4,29286.40
1000204,29,Female,Single,0,HIGH_SCHOOL,64064.00,1,6406.40
1000205,38,Male,Married,2,HIGH_SCHOOL,67808.00,4,27123.20
1000206,48,Female,Married,1,NO_EDUCATION,51168.00,3,15350.40
1000207,27,Female,Single,0,HIGH_SCHOOL,63232.00,1,6323.20
1000208,42,Male,Married,0,HIGH_SCHOOL,69472.00,2,13894.40
1000209,79,Male,Single,3,HIGH_SCHOOL,84864.00,4,33945.60
1000210,31,Female,Married,0,HIGH_SCHOOL,64896.00,2,12979.20
1000211,32,Female,Married,1,BACHELORS,86112.00,3,25833.60
1000212,40,Female,Married,1,HIGH_SCHOOL,68640.00,3,20592.00
1000213,52,Male,Married,1,HIGH_SCHOOL,73632.00,3,22089.60
1000214,79,Female,Single,3,NO_EDUCATION,64064.00,4,25625.60
1000215,57,Female,Married,1,BACHELORS,96512.00,3,28953.60
1000216,77,Male,Single,1,MASTERS,125632.00,2,25126.40
1000217,37,Female,Married,0,HIGH_SCHOOL,67392.00,2,13478.40
1000218,22,Male,Single,0,HIGH_SCHOOL,61152.00,1,6115.20
1000219,44,Male,Married,3,HIGH_SCHOOL,70304.00,5,35152.00
1000220,38,Female,Married,0,NO_EDUCATION,47008.00,2,9401.60
1000221,35,Female,Married,3,PHD,128960.00,5,64480.00
1000222,22,Male,Single,0,BACHELORS,81952.00,1,8195.20
1000223,70,Female,Single,1,PHD,143520.00,2,28704.00
1000224,22,Female,Single,2,NO_EDUCATION,40352.00,3,12105.60
1000225,42,Female,Married,2,NO_EDUCATION,48672.00,4,19468.80
1000226,23,Male,Married,0,HIGH_SCHOOL,61568.00,2,12313.60
1000227,45,Female,Married,3,PHD,133120.00,5,66560.00
1000228,70,Female,Married,1,PHD,143520.00,3,43056.00
1000229,53,Male,Single,1,NO_EDUCATION,53248.00,2,10649.60
1000230,22,Female,Single,0,HIGH_SCHOOL,61152.00,1,6115.20
1000231,80,Female,Single,0,HIGH_SCHOOL,85280.00,1,8528.00
1000232,62,Female,Single,3,HIGH_SCHOOL,77792.00,4,31116.80
1000233,42,Female,Single,4,BACHELORS,90272.00,5,45136.00
1000234,75,Female,Married,4,BACHELORS,104000.00,6,62400.00
1000235,25,Male,Single,1,BACHELORS,83200.00,2,16640.00
1000236,74,Male,Single,1,HIGH_SCHOOL,82784.00,2,16556.80
1000237,31,Female,Married,3,HIGH_SCHOOL,64896.00,5,32448.00
1000238,51,Male,Single,2,HIGH_SCHOOL,73216.00,3,21964.80
1000239,44,Male,Married,1,BACHELORS,91104.00,3,27331.20
1000240,57,Female,Married,1,HIGH_SCHOOL,75712.00,3,22713.60
1000241,74,Female,Single,2,HIGH_SCHOOL,82784.00,3,24835.20
1000242,68,Female,Single,3,HIGH_SCHOOL,80288.00,4,32115.20
1000243,80,Female,Single,2,HIGH_SCHOOL,85280.00,3,25584.00
1000244,61,Female,Single,3,MASTERS,118976.00,4,47590.40
1000245,32,Male,Married,1,NO_EDUCATION,44512.00,3,13353.60
1000246,68,Female,Married,2,PHD,142688.00,4,57075.20
1000247,57,Female,Single,0,HIGH_SCHOOL,75712.00,1,7571.20
1000248,41,Female,Married,0,HIGH_SCHOOL,69056.00,2,13811.20
1000249,43,Male,Married,2,BACHELORS,90688.00,4,36275.20
1000250,68,Female,Single,4,BACHELORS,101088.00,5,50544.00
1000251,36,Male,Married,0,HIGH_SCHOOL,66976.00,2,13395.20
1000252,73,Female,Single,1,BACHELORS,103168.00,2,20633.60
1000253,32,Male,Married,2,BACHELORS,86112.00,4,34444.80
1000254,74,Male,Married,3,BACHELORS,103584.00,5,51792.00
1000255,45,Female,Single,4,BACHELORS,91520.00,5,45760.00
1000256,68,Female,Single,2,BACHELORS,101088.00,3,30326.40
1000257,80,Female,Single,2,NO_EDUCATION,64480.00,3,19344.00
1000258,32,Female,Married,0,BACHELORS,86112.00,2,17222.40
1000259,36,Male,Married,2,HIGH_SCHOOL,66976.00,4,26790.40
1000260,56,Male,Married,2,HIGH_SCHOOL,75296.00,4,30118.40
1000261,49,Female,Married,1,HIGH_SCHOOL,72384.00,3,21715.20
1000262,49,Female,Married,2,NO_EDUCATION,51584.00,4,20633.60
1000263,63,Female,Married,1,HIGH_SCHOOL,78208.00,3,23462.40
1000264,30,Female,Single,1,HIGH_SCHOOL,64480.00,2,12896.00
1000265,58,Male,Married,2,NO_EDUCATION,55328.00,4,22131.20
1000266,50,Female,Single,4,NO_EDUCATION,52000.00,5,26000.00
1000267,65,Female,Married,3,HIGH_SCHOOL,79040.00,5,39520.00
1000268,54,Female,Married,1,PHD,136864.00,3,41059.20
1000269,46,Male,Married,4,NO_EDUCATION,50336.00,6,30201.60
1000270,76,Male,Married,0,HIGH_SCHOOL,83616.00,2,16723.20
1000271,44,Female,Married,2,PHD,132704.00,4,53081.60
1000272,21,Female,Single,1,NO_EDUCATION,39936.00,2,7987.20
1000273,50,Male,Married,1,HIGH_SCHOOL,72800.00,3,21840.00
1000274,62,Female,Single,3,BACHELORS,98592.00,4,39436.80
1000275,73,Male,Married,1,HIGH_SCHOOL,82368.00,3,24710.40
1000276,59,Male,Married,2,HIGH_SCHOOL,76544.00,4,30617.60
1000277,28,Male,Single,3,HIGH_SCHOOL,63648.00,4,25459.20
1000278,77,Female,Married,1,BACHELORS,104832.00,3,31449.60
1000279,35,Female,Single,2,BACHELORS,87360.00,3,26208.00
1000280,45,Female,Married,2,HIGH_SCHOOL,70720.00,4,28288.00
1000281,57,Female,Married,1,HIGH_SCHOOL,75712.00,3,22713.60
1000282,45,Female,Married,1,HIGH_SCHOOL,70720.00,3,21216.00
1000283,78,Male,Married,1,HIGH_SCHOOL,84448.00,3,25334.40
1000284,46,Male,Single,0,NO_EDUCATION,50336.00,1,5033.60
1000285,64,Male,Single,2,NO_EDUCATION,57824.00,3,17347.20
1000286,78,Male,Married,2,HIGH_SCHOOL,84448.00,4,33779.20
1000287,73,Female,Married,4,HIGH_SCHOOL,82368.00,6,49420.80
1000288,73,Female,Married,2,HIGH_SCHOOL,82368.00,4,32947.20
1000289,33,Male,Married,0,PHD,128128.00,2,25625.60
1000290,32,Male,Married,1,NO_EDUCATION,44512.00,3,13353.60
1000291,77,Male,Single,1,NO_EDUCATION,63232.00,2,12646.40
1000292,34,Male,Married,0,HIGH_SCHOOL,66144.00,2,13228.80
1000293,62,Female,Single,1,NO_EDUCATION,56992.00,2,11398.40
1000294,32,Male,Married,1,HIGH_SCHOOL,65312.00,3,19593.60
1000295,79,Female,Married,4,MASTERS,126464.00,6,75878.40
1000296,64,Male,Single,2,HIGH_SCHOOL,78624.00,3,23587.20
1000297,70,Male,Single,1,BACHELORS,101920.00,2,20384.00
1000298,41,Male,Married,2,HIGH_SCHOOL,69056.00,4,27622.40
1000299,66,Male,Married,2,NO_EDUCATION,58656.00,4,23462.40
1000300,63,Female,Single,3,MASTERS,119808.00,4,47923.20
1000301,64,Female,Married,1,BACHELORS,99424.00,3,29827.20
1000302,65,Female,Single,1,BACHELORS,99840.00,2,19968.00
1000303,71,Female,Married,1,HIGH_SCHOOL,81536.00,3,24460.80
1000304,44,Female,Married,2,HIGH_SCHOOL,70304.00,4,28121.60
1000305,45,Female,Married,3,BACHELORS,91520.00,5,45760.00
1000306,53,Male,Married,3,HIGH_SCHOOL,74048.00,5,37024.00
1000307,63,Female,Single,0,BACHELORS,99008.00,1,9900.80
1000308,53,Female,Married,1,NO_EDUCATION,53248.00,3,15974.40
1000309,69,Female,Married,4,HIGH_SCHOOL,80704.00,6,48422.40
1000310,32,Male,Married,1,BACHELORS,86112.00,3,25833.60
1000311,32,Female,Married,1,HIGH_SCHOOL,65312.00,3,19593.60
1000312,30,Male,Single,1,HIGH_SCHOOL,64480.00,2,12896.00
1000313,28,Male,Single,1,BACHELORS,84448.00,2,16889.60
1000314,54,Female,Married,2,BACHELORS,95264.00,4,38105.60
1000315,74,Male,Single,3,HIGH_SCHOOL,82784.00,4,33113.60
1000316,26,Female,Single,1,HIGH_SCHOOL,62816.00,2,12563.20
1000317,48,Female,Single,4,MASTERS,113568.00,5,56784.00
1000318,26,Male,Single,0,HIGH_SCHOOL,62816.00,1,6281.60
1000319,40,Female,Married,3,HIGH_SCHOOL,68640.00,5,34320.00
1000320,59,Female,Married,2,HIGH_SCHOOL,76544.00,4,30617.60
1000321,42,Male,Single,2,BACHELORS,90272.00,3,27081.60
1000322,65,Male,Married,4,HIGH_SCHOOL,79040.00,6,47424.00
1000323,34,Female,Married,0,BACHELORS,86944.00,2,17388.80
1000324,31,Female,Married,0,BACHELORS,85696.00,2,17139.20
1000325,26,Female,Married,0,HIGH_SCHOOL,62816.00,2,12563.20
1000326,28,Male,Single,0,HIGH_SCHOOL,63648.00,1,6364.80
1000327,57,Female,Married,2,HIGH_SCHOOL,75712.00,4,30284.80
1000328,29,Male,Married,2,HIGH_SCHOOL,64064.00,4,25625.60
1000329,30,Male,Married,1,HIGH_SCHOOL,64480.00,3,19344.00
1000330,26,Male,Single,1,HIGH_SCHOOL,62816.00,2,12563.20
1000331,51,Female,Married,1,NO_EDUCATION,52416.00,3,15724.80
1000332,63,Female,Married,2,HIGH_SCHOOL,78208.00,4,31283.20
1000333,44,Male,Married,2,BACHELORS,91104.00,4,36441.60
1000334,56,Female,Married,3,HIGH_SCHOOL,75296.00,5,37648.00
1000335,45,Female,Married,2,BACHELORS,91520.00,4,36608.00
1000336,32,Female,Married,1,NO_EDUCATION,44512.00,3,13353.60
1000337,33,Female,Married,0,HIGH_SCHOOL,65728.00,2,13145.60
1000338,26,Male,Single,1,BACHELORS,83616.00,2,16723.20
1000339,56,Female,Married,0,HIGH_SCHOOL,75296.00,2,15059.20
1000340,59,Female,Single,1,HIGH_SCHOOL,76544.00,2,15308.80
1000341,59,Female,Married,1,MASTERS,118144.00,3,35443.20
1000342,49,Male,Single,3,HIGH_SCHOOL,72384.00,4,28953.60
1000343,38,Female,Married,0,BACHELORS,88608.00,2,17721.60
1000344,48,Female,Married,3,HIGH_SCHOOL,71968.00,5,35984.00
1000345,42,Female,Single,1,NO_EDUCATION,48672.00,2,9734.40
1000346,59,Male,Single,3,HIGH_SCHOOL,76544.00,4,30617.60
1000347,38,Male,Married,0,HIGH_SCHOOL,67808.00,2,13561.60
1000348,75,Female,Married,1,BACHELORS,104000.00,3,31200.00
1000349,36,Male,Single,2,HIGH_SCHOOL,66976.00,3,20092.80
1000350,22,Female,Single,0,HIGH_SCHOOL,61152.00,1,6115.20
1000351,23,Female,Married,1,HIGH_SCHOOL,61568.00,3,18470.40
1000352,53,Female,Married,3,HIGH_SCHOOL,74048.00,5,37024.00
1000353,27,Male,Married,3,NO_EDUCATION,42432.00,5,21216.00
1000354,58,Female,Married,2,MASTERS,117728.00,4,47091.20
1000355,20,Male,Single,0,HIGH_SCHOOL,60320.00,1,6032.00
1000356,46,Male,Married,1,HIGH_SCHOOL,71136.00,3,21340.80
1000357,70,Female,Single,1,HIGH_SCHOOL,81120.00,2,16224.00
1000358,32,Female,Married,2,HIGH_SCHOOL,65312.00,4,26124.80
1000359,62,Male,Married,2,HIGH_SCHOOL,77792.00,4,31116.80
1000360,52,Female,Married,2,NO_EDUCATION,52832.00,4,21132.80
1000361,38,Male,Single,1,HIGH_SCHOOL,67808.00,2,13561.60
1000362,55,Female,Married,2,BACHELORS,95680.00,4,38272.00
1000363,79,Male,Single,2,HIGH_SCHOOL,84864.00,3,25459.20
1000364,32,Female,Single,1,MASTERS,106912.00,2,21382.40
1000365,70,Female,Married,2,PHD,143520.00,4,57408.00
1000366,35,Male,Married,3,BACHELORS,87360.00,5,43680.00
1000367,65,Female,Single,3,BACHELORS,99840.00,4,39936.00
1000368,64,Female,Single,2,BACHELORS,99424.00,3,29827.20
1000369,70,Female,Single,1,HIGH_SCHOOL,81120.00,2,16224.00
1000370,37,Female,Married,0,HIGH_SCHOOL,67392.00,2,13478.40
1000371,64,Female,Single,3,HIGH_SCHOOL,78624.00,4,31449.60
1000372,64,Male,Single,2,HIGH_SCHOOL,78624.00,3,23587.20
1000373,34,Female,Married,2,NO_EDUCATION,45344.00,4,18137.60
1000374,75,Male,Single,4,PHD,145600.00,5,72800.00
1000375,47,Female,Married,0,HIGH_SCHOOL,71552.00,2,14310.40
1000376,58,Male,Single,2,HIGH_SCHOOL,76128.00,3,22838.40
1000377,40,Female,Married,1,NO_EDUCATION,47840.00,3,14352.00
1000378,53,Male,Married,1,MASTERS,115648.00,3,34694.40
1000379,43,Female,Married,4,HIGH_SCHOOL,69888.00,6,41932.80
1000380,35,Male,Married,1,BACHELORS,87360.00,3,26208.00
1000381,74,Female,Single,1,BACHELORS,103584.00,2,20716.80
1000382,56,Female,Married,3,MASTERS,116896.00,5,58448.00
1000383,67,Male,Single,3,BACHELORS,100672.00,4,40268.80
1000384,53,Male,Married,1,HIGH_SCHOOL,74048.00,3,22214.40
1000385,58,Female,Married,2,HIGH_SCHOOL,76128.00,4,30451.20
1000386,30,Female,Single,1,BACHELORS,85280.00,2,17056.00
1000387,73,Female,Single,2,MASTERS,123968.00,3,37190.40
1000388,62,Male,Single,1,HIGH_SCHOOL,77792.00,2,15558.40
1000389,64,Male,Single,2,HIGH_SCHOOL,78624.00,3,23587.20
1000390,68,Female,Married,2,HIGH_SCHOOL,80288.00,4,32115.20
1000391,66,Female,Single,1,HIGH_SCHOOL,79456.00,2,15891.20
1000392,65,Female,Married,0,HIGH_SCHOOL,79040.00,2,15808.00
1000393,42,Female,Married,4,BACHELORS,90272.00,6,54163.20
1000394,36,Male,Married,0,HIGH_SCHOOL,66976.00,2,13395.20
1000395,50,Male,Married,2,HIGH_SCHOOL,72800.00,4,29120.00
1000396,68,Male,Married,2,MASTERS,121888.00,4,48755.20
1000397,69,Male,Married,1,PHD,143104.00,3,42931.20
1000398,38,Male,Married,0,HIGH_SCHOOL,67808.00,2,13561.60
1000399,20,Female,Single,2,HIGH_SCHOOL,60320.00,3,18096.00
1000400,48,Female,Married,3,BACHELORS,92768.00,5,46384.00
1000401,49,Male,Single,2,HIGH_SCHOOL,72384.00,3,21715.20
1000402,62,Female,Married,3,HIGH_SCHOOL,77792.00,5,38896.00
1000403,66,Female,Married,2,MASTERS,121056.00,4,48422.40
1000404,34,Male,Married,0,HIGH_SCHOOL,66144.00,2,13228.80
1000405,64,Female,Single,2,HIGH_SCHOOL,78624.00,3,23587.20
1000406,73,Female,Married,1,HIGH_SCHOOL,82368.00,3,24710.40
1000407,35,Male,Married,3,HIGH_SCHOOL,66560.00,5,33280.00
1000408,52,Female,Single,2,BACHELORS,94432.00,3,28329.60
1000409,38,Male,Married,0,HIGH_SCHOOL,67808.00,2,13561.60
1000410,44,Female,Married,2,HIGH_SCHOOL,70304.00,4,28121.60
1000411,63,Male,Married,2,HIGH_SCHOOL,78208.00,4,31283.20
1000412,64,Female,Single,1,BACHELORS,99424.00,2,19884.80
1000413,79,Female,Single,3,HIGH_SCHOOL,84864.00,4,33945.60
1000414,78,Male,Married,1,HIGH_SCHOOL,84448.00,3,25334.40
1000415,63,Male,Single,2,HIGH_SCHOOL,78208.00,3,23462.40
1000416,38,Male,Married,0,HIGH_SCHOOL,67808.00,2,13561.60
1000417,78,Male,Married,1,BACHELORS,105248.00,3,31574.40
1000418,45,Female,Married,1,NO_EDUCATION,49920.00,3,14976.00
1000419,36,Female,Single,2,HIGH_SCHOOL,66976.00,3,20092.80
1000420,62,Female,Single,2,MASTERS,119392.00,3,35817.60
1000421,40,Female,Married,0,HIGH_SCHOOL,68640.00,2,13728.00
1000422,21,Male,Single,3,BACHELORS,81536.00,4,32614.40
1000423,26,Male,Single,2,HIGH_SCHOOL,62816.00,3,18844.80
1000424,79,Male,Single,1,BACHELORS,105664.00,2,21132.80
1000425,38,Female,Married,0,BACHELORS,88608.00,2,17721.60
1000426,37,Female,Single,1,MASTERS,108992.00,2,21798.40
1000427,56,Female,Married,2,HIGH_SCHOOL,75296.00,4,30118.40
1000428,75,Female,Single,3,HIGH_SCHOOL,83200.00,4,33280.00
1000429,65,Male,Single,1,MASTERS,120640.00,2,24128.00
1000430,22,Female,Single,1,HIGH_SCHOOL,61152.00,2,12230.40
1000431,51,Male,Married,0,BACHELORS,94016.00,2,18803.20
1000432,66,Female,Single,1,HIGH_SCHOOL,79456.00,2,15891.20
1000433,22,Female,Married,1,BACHELORS,81952.00,3,24585.60
1000434,48,Male,Married,4,MASTERS,113568.00,6,68140.80
1000435,80,Female,Married,1,HIGH_SCHOOL,85280.00,3,25584.00
1000436,23,Male,Single,0,MASTERS,103168.00,1,10316.80
1000437,25,Female,Single,3,HIGH_SCHOOL,62400.00,4,24960.00
1000438,34,Male,Married,0,HIGH_SCHOOL,66144.00,2,13228.80
1000439,62,Female,Married,2,PHD,140192.00,4,56076.80
1000440,48,Female,Married,4,MASTERS,113568.00,6,68140.80
1000441,38,Male,Married,2,HIGH_SCHOOL,67808.00,4,27123.20
1000442,73,Female,Married,1,HIGH_SCHOOL,82368.00,3,24710.40
1000443,52,Male,Married,1,HIGH_SCHOOL,73632.00,3,22089.60
1000444,23,Female,Married,0,NO_EDUCATION,40768.00,2,8153.60
1000445,61,Male,Single,3,HIGH_SCHOOL,77376.00,4,30950.40
1000446,60,Female,Single,1,HIGH_SCHOOL,76960.00,2,15392.00
1000447,68,Male,Married,1,HIGH_SCHOOL,80288.00,3,24086.40
1000448,50,Female,Married,3,HIGH_SCHOOL,72800.00,5,36400.00
1000449,68,Female,Married,0,HIGH_SCHOOL,80288.00,2,16057.60
1000450,39,Male,Married,3,HIGH_SCHOOL,68224.00,5,34112.00
1000451,67,Male,Married,3,HIGH_SCHOOL,79872.00,5,39936.00
1000452,49,Male,Married,3,HIGH_SCHOOL,72384.00,5,36192.00
1000453,49,Male,Married,1,HIGH_SCHOOL,72384.00,3,21715.20
1000454,66,Male,Single,2,HIGH_SCHOOL,79456.00,3,23836.80
1000455,38,Male,Single,0,HIGH_SCHOOL,67808.00,1,6780.80
1000456,48,Female,Single,2,HIGH_SCHOOL,71968.00,3,21590.40
1000457,72,Female,Single,2,HIGH_SCHOOL,81952.00,3,24585.60
1000458,80,Female,Married,2,MASTERS,126880.00,4,50752.00
1000459,54,Female,Single,2,HIGH_SCHOOL,74464.00,3,22339.20
1000460,45,Female,Single,0,HIGH_SCHOOL,70720.00,1,7072.00
1000461,78,Female,Married,3,BACHELORS,105248.00,5,52624.00
1000462,53,Female,Single,3,HIGH_SCHOOL,74048.00,4,29619.20
1000463,48,Male,Single,1,NO_EDUCATION,51168.00,2,10233.60
1000464,31,Female,Married,1,BACHELORS,85696.00,3,25708.80
1000465,78,Male,Married,1,HIGH_SCHOOL,84448.00,3,25334.40
1000466,63,Male,Single,2,NO_EDUCATION,57408.00,3,17222.40
1000467,37,Male,Married,0,HIGH_SCHOOL,67392.00,2,13478.40
1000468,50,Male,Married,3,NO_EDUCATION,52000.00,5,26000.00
1000469,78,Female,Married,4,HIGH_SCHOOL,84448.00,6,50668.80
1000470,68,Female,Married,1,BACHELORS,101088.00,3,30326.40
1000471,30,Male,Single,2,HIGH_SCHOOL,64480.00,3,19344.00
1000472,59,Male,Married,4,HIGH_SCHOOL,76544.00,6,45926.40
1000473,47,Female,Married,1,HIGH_SCHOOL,71552.00,3,21465.60
1000474,28,Male,Single,2,BACHELORS,84448.00,3,25334.40
1000475,35,Female,Married,1,HIGH_SCHOOL,66560.00,3,19968.00
1000476,72,Female,Married,2,NO_EDUCATION,61152.00,4,24460.80
1000477,78,Female,Single,0,BACHELORS,105248.00,1,10524.80
1000478,35,Female,Married,2,HIGH_SCHOOL,66560.00,4,26624.00
1000479,45,Female,Single,0,BACHELORS,91520.00,1,9152.00
1000480,64,Male,Single,3,NO_EDUCATION,57824.00,4,23129.60
1000481,32,Female,Single,2,HIGH_SCHOOL,65312.00,3,19593.60
1000482,70,Male,Married,3,BACHELORS,101920.00,5,50960.00
1000483,58,Female,Married,0,BACHELORS,96928.00,2,19385.60
1000484,64,Male,Single,1,BACHELORS,99424.00,2,19884.80
1000485,36,Male,Married,0,HIGH_SCHOOL,66976.00,2,13395.20
1000486,47,Female,Married,2,MASTERS,113152.00,4,45260.80
1000487,46,Female,Married,2,HIGH_SCHOOL,71136.00,4,28454.40
1000488,56,Female,Married,2,MASTERS,116896.00,4,46758.40
1000489,49,Female,Single,2,HIGH_SCHOOL,72384.00,3,21715.20
1000490,78,Female,Married,1,HIGH_SCHOOL,84448.00,3,25334.40
1000491,22,Female,Single,2,MASTERS,102752.00,3,30825.60
1000492,42,Female,Married,0,NO_EDUCATION,48672.00,2,9734.40
1000493,38,Female,Married,0,HIGH_SCHOOL,67808.00,2,13561.60
1000494,30,Male,Single,1,HIGH_SCHOOL,64480.00,2,12896.00
1000495,43,Female,Married,1,PHD,132288.00,3,39686.40
1000496,68,Female,Married,1,BACHELORS,101088.00,3,30326.40
1000497,47,Male,Married,2,NO_EDUCATION,50752.00,4,20300.80
1000498,53,Male,Married,4,HIGH_SCHOOL,74048.00,6,44428.80
1000499,56,Female,Married,1,HIGH_SCHOOL,75296.00,3,22588.80
1000500,27,Male,Single,0,BACHELORS,84032.00,1,8403.20
1000501,73,Male,Single,3,NO_EDUCATION,61568.00,4,24627.20
1000502,71,Male,Married,4,BACHELORS,102336.00,6,61401.60
1000503,63,Female,Single,3,BACHELORS,99008.00,4,39603.20
1000504,51,Female,Single,0,BACHELORS,94016.00,1,9401.60
1000505,63,Female,Married,1,MASTERS,119808.00,3,35942.40
1000506,20,Female,Single,1,BACHELORS,81120.00,2,16224.00
1000507,54,Female,Married,1,MASTERS,116064.00,3,34819.20
1000508,61,Male,Married,1,BACHELORS,98176.00,3,29452.80
1000509,70,Male,Married,1,MASTERS,122720.00,3,36816.00
1000510,22,Male,Married,1,HIGH_SCHOOL,61152.00,3,18345.60
1000511,64,Male,Married,3,BACHELORS,99424.00,5,49712.00
1000512,40,Female,Single,0,HIGH_SCHOOL,68640.00,1,6864.00
1000513,45,Female,Married,3,BACHELORS,91520.00,5,45760.00
1000514,67,Male,Single,1,HIGH_SCHOOL,79872.00,2,15974.40
1000515,23,Female,Married,0,BACHELORS,82368.00,2,16473.60
1000516,52,Male,Married,2,HIGH_SCHOOL,73632.00,4,29452.80
1000517,73,Male,Single,1,BACHELORS,103168.00,2,20633.60
1000518,46,Female,Married,2,HIGH_SCHOOL,71136.00,4,28454.40
1000519,50,Female,Married,2,BACHELORS,93600.00,4,37440.00
1000520,70,Female,Single,0,BACHELORS,101920.00,1,10192.00
1000521,38,Female,Single,3,HIGH_SCHOOL,67808.00,4,27123.20
1000522,52,Female,Married,1,MASTERS,115232.00,3,34569.60
1000523,77,Male,Married,3,HIGH_SCHOOL,84032.00,5,42016.00
1000524,76,Female,Married,4,BACHELORS,104416.00,6,62649.60
1000525,61,Male,Married,1,HIGH_SCHOOL,77376.00,3,23212.80
1000526,33,Female,Married,0,HIGH_SCHOOL,65728.00,2,13145.60
1000527,37,Female,Married,2,BACHELORS,88192.00,4,35276.80
1000528,41,Male,Married,0,HIGH_SCHOOL,69056.00,2,13811.20
1000529,45,Male,Married,2,NO_EDUCATION,49920.00,4,19968.00
1000530,78,Male,Single,3,HIGH_SCHOOL,84448.00,4,33779.20
1000531,25,Female,Single,1,BACHELORS,83200.00,2,16640.00
1000532,67,Female,Single,2,NO_EDUCATION,59072.00,3,17721.60
1000533,21,Female,Married,0,NO_EDUCATION,39936.00,2,7987.20
1000534,59,Female,Married,2,MASTERS,118144.00,4,47257.60
1000535,49,Male,Married,3,NO_EDUCATION,51584.00,5,25792.00
1000536,49,Female,Married,1,HIGH_SCHOOL,72384.00,3,21715.20
1000537,68,Female,Married,0,HIGH_SCHOOL,80288.00,2,16057.60
1000538,73,Female,Married,3,HIGH_SCHOOL,82368.00,5,41184.00
1000539,72,Male,Married,1,BACHELORS,102752.00,3,30825.60
1000540,26,Female,Single,3,HIGH_SCHOOL,62816.00,4,25126.40
1000541,42,Male,Married,2,BACHELORS,90272.00,4,36108.80
1000542,75,Male,Single,2,HIGH_SCHOOL,83200.00,3,24960.00
1000543,66,Male,Single,0,HIGH_SCHOOL,79456.00,1,7945.60
1000544,46,Female,Married,2,BACHELORS,91936.00,4,36774.40
1000545,43,Male,Married,2,HIGH_SCHOOL,69888.00,4,27955.20
1000546,47,Male,Married,1,HIGH_SCHOOL,71552.00,3,21465.60
1000547,31,Male,Married,1,MASTERS,106496.00,3,31948.80
1000548,36,Female,Married,1,HIGH_SCHOOL,66976.00,3,20092.80
1000549,32,Female,Single,1,BACHELORS,86112.00,2,17222.40
1000550,53,Male,Single,3,HIGH_SCHOOL,74048.00,4,29619.20
1000551,78,Female,Single,2,HIGH_SCHOOL,84448.00,3,25334.40
1000552,57,Male,Married,4,HIGH_SCHOOL,75712.00,6,45427.20
1000553,78,Male,Married,4,MASTERS,126048.00,6,75628.80
1000554,66,Male,Single,3,HIGH_SCHOOL,79456.00,4,31782.40
1000555,77,Male,Single,1,HIGH_SCHOOL,84032.00,2,16806.40
1000556,35,Male,Married,3,HIGH_SCHOOL,66560.00,5,33280.00
1000557,61,Male,Married,2,MASTERS,118976.00,4,47590.40
1000558,23,Female,Married,0,MASTERS,103168.00,2,20633.60
1000559,48,Male,Single,3,HIGH_SCHOOL,71968.00,4,28787.20
1000560,20,Male,Single,1,HIGH_SCHOOL,60320.00,2,12064.00
1000561,50,Female,Married,2,BACHELORS,93600.00,4,37440.00
1000562,62,Female,Married,1,PHD,140192.00,3,42057.60
1000563,76,Male,Married,0,HIGH_SCHOOL,83616.00,2,16723.20
1000564,65,Male,Single,2,HIGH_SCHOOL,79040.00,3,23712.00
1000565,55,Female,Married,2,HIGH_SCHOOL,74880.00,4,29952.00
1000566,51,Female,Married,2,HIGH_SCHOOL,73216.00,4,29286.40
1000567,51,Female,Married,2,HIGH_SCHOOL,73216.00,4,29286.40
1000568,39,Male,Married,1,BACHELORS,89024.00,3,26707.20
1000569,24,Male,Single,2,HIGH_SCHOOL,61984.00,3,18595.20
1000570,76,Female,Single,1,HIGH_SCHOOL,83616.00,2,16723.20
1000571,54,Female,Married,1,BACHELORS,95264.00,3,28579.20
1000572,26,Female,Single,2,HIGH_SCHOOL,62816.00,3,18844.80
1000573,76,Female,Married,1,HIGH_SCHOOL,83616.00,3,25084.80
1000574,56,Female,Married,2,HIGH_SCHOOL,75296.00,4,30118.40
1000575,33,Female,Married,1,HIGH_SCHOOL,65728.00,3,19718.40
1000576,38,Female,Married,2,HIGH_SCHOOL,67808.00,4,27123.20
1000577,57,Female,Single,2,NO_EDUCATION,54912.00,3,16473.60
1000578,59,Male,Married,1,HIGH_SCHOOL,76544.00,3,22963.20
1000579,36,Female,Married,1,HIGH_SCHOOL,66976.00,3,20092.80
1000580,26,Female,Single,2,HIGH_SCHOOL,62816.00,3,18844.80
1000581,55,Male,Married,3,HIGH_SCHOOL,74880.00,5,37440.00
1000582,80,Female,Married,2,MASTERS,126880.00,4,50752.00
1000583,55,Male,Married,1,MASTERS,116480.00,3,34944.00
1000584,36,Male,Married,0,HIGH_SCHOOL,66976.00,2,13395.20
1000585,51,Female,Married,2,HIGH_SCHOOL,73216.00,4,29286.40
1000586,30,Female,Married,0,PHD,126880.00,2,25376.00
1000587,69,Female,Married,4,BACHELORS,101504.00,6,60902.40
1000588,67,Male,Single,2,NO_EDUCATION,59072.00,3,17721.60
1000589,77,Female,Single,3,HIGH_SCHOOL,84032.00,4,33612.80
1000590,34,Male,Married,0,HIGH_SCHOOL,66144.00,2,13228.80
1000591,36,Female,Married,1,BACHELORS,87776.00,3,26332.80
1000592,80,Female,Married,0,HIGH_SCHOOL,85280.00,2,17056.00
1000593,37,Female,Married,3,HIGH_SCHOOL,67392.00,5,33696.00
1000594,26,Female,Single,2,BACHELORS,83616.00,3,25084.80
1000595,50,Female,Married,2,BACHELORS,93600.00,4,37440.00
1000596,50,Female,Single,3,BACHELORS,93600.00,4,37440.00
1000597,47,Male,Single,3,BACHELORS,92352.00,4,36940.80
1000598,46,Female,Single,1,HIGH_SCHOOL,71136.00,2,14227.20
1000599,54,Female,Single,1,BACHELORS,95264.00,2,19052.80
1000600,51,Female,Married,1,MASTERS,114816.00,3,34444.80
1000601,33,Male,Married,1,HIGH_SCHOOL,65728.00,3,19718.40
1000602,32,Male,Married,1,HIGH_SCHOOL,65312.00,3,19593.60
1000603,56,Male,Married,2,PHD,137696.00,4,55078.40
1000604,56,Male,Married,4,HIGH_SCHOOL,75296.00,6,45177.60
1000605,76,Male,Married,3,BACHELORS,104416.00,5,52208.00
1000606,20,Male,Single,2,MASTERS,101920.00,3,30576.00
1000607,21,Female,Single,0,HIGH_SCHOOL,60736.00,1,6073.60
1000608,52,Female,Married,1,BACHELORS,94432.00,3,28329.60
1000609,40,Male,Married,2,HIGH_SCHOOL,68640.00,4,27456.00
1000610,58,Female,Married,4,HIGH_SCHOOL,76128.00,6,45676.80
1000611,36,Male,Single,0,PHD,129376.00,1,12937.60
1000612,41,Female,Married,3,HIGH_SCHOOL,69056.00,5,34528.00
1000613,65,Female,Married,3,HIGH_SCHOOL,79040.00,5,39520.00
1000614,36,Female,Single,1,NO_EDUCATION,46176.00,2,9235.20
1000615,55,Male,Married,1,HIGH_SCHOOL,74880.00,3,22464.00
1000616,73,Female,Single,2,HIGH_SCHOOL,82368.00,3,24710.40
1000617,70,Female,Married,2,HIGH_SCHOOL,81120.00,4,32448.00
1000618,52,Female,Married,3,HIGH_SCHOOL,73632.00,5,36816.00
1000619,27,Male,Single,0,BACHELORS,84032.00,1,8403.20
1000620,47,Female,Married,0,BACHELORS,92352.00,2,18470.40
1000621,42,Male,Married,2,PHD,131872.00,4,52748.80
1000622,69,Male,Single,4,BACHELORS,101504.00,5,50752.00
1000623,33,Female,Married,2,BACHELORS,86528.00,4,34611.20
1000624,77,Male,Single,2,BACHELORS,104832.00,3,31449.60
1000625,27,Female,Single,2,HIGH_SCHOOL,63232.00,3,18969.60
1000626,57,Male,Married,3,BACHELORS,96512.00,5,48256.00
1000627,23,Female,Single,1,BACHELORS,82368.00,2,16473.60
1000628,25,Female,Single,1,HIGH_SCHOOL,62400.00,2,12480.00
1000629,31,Female,Single,0,HIGH_SCHOOL,64896.00,1,6489.60
1000630,25,Female,Single,1,MASTERS,104000.00,2,20800.00
1000631,77,Male,Single,1,HIGH_SCHOOL,84032.00,2,16806.40
1000632,67,Female,Married,2,BACHELORS,100672.00,4,40268.80
1000633,22,Female,Single,0,HIGH_SCHOOL,61152.00,1,6115.20
1000634,20,Male,Single,0,HIGH_SCHOOL,60320.00,1,6032.00
1000635,33,Female,Married,2,HIGH_SCHOOL,65728.00,4,26291.20
1000636,46,Male,Married,2,PHD,133536.00,4,53414.40
1000637,63,Male,Single,2,HIGH_SCHOOL,78208.00,3,23462.40
1000638,37,Male,Married,0,HIGH_SCHOOL,67392.00,2,13478.40
1000639,28,Male,Single,1,MASTERS,105248.00,2,21049.60
1000640,69,Female,Married,2,BACHELORS,101504.00,4,40601.60
1000641,39,Female,Married,3,HIGH_SCHOOL,68224.00,5,34112.00
1000642,29,Male,Married,0,HIGH_SCHOOL,64064.00,2,12812.80
1000643,40,Female,Single,1,HIGH_SCHOOL,68640.00,2,13728.00
1000644,62,Male,Married,1,HIGH_SCHOOL,77792.00,3,23337.60
1000645,36,Female,Married,0,HIGH_SCHOOL,66976.00,2,13395.20
1000646,37,Male,Married,0,HIGH_SCHOOL,67392.00,2,13478.40
1000647,38,Female,Married,1,MASTERS,109408.00,3,32822.40
1000648,24,Female,Single,2,NO_EDUCATION,41184.00,3,12355.20
1000649,20,Female,Single,3,HIGH_SCHOOL,60320.00,4,24128.00
1000650,36,Male,Married,0,HIGH_SCHOOL,66976.00,2,13395.20
1000651,47,Male,Married,2,HIGH_SCHOOL,71552.00,4,28620.80
1000652,74,Male,Single,1,BACHELORS,103584.00,2,20716.80
1000653,26,Male,Single,0,MASTERS,104416.00,1,10441.60
1000654,37,Female,Married,0,HIGH_SCHOOL,67392.00,2,13478.40
1000655,78,Female,Married,3,BACHELORS,105248.00,5,52624.00
1000656,37,Female,Married,0,BACHELORS,88192.00,2,17638.40
1000657,73,Female,Single,1,PHD,144768.00,2,28953.60
1000658,22,Female,Married,1,BACHELORS,81952.00,3,24585.60
1000659,61,Male,Married,3,BACHELORS,98176.00,5,49088.00
1000660,33,Male,Single,0,HIGH_SCHOOL,65728.00,1,6572.80
1000661,50,Male,Single,2,BACHELORS,93600.00,3,28080.00
1000662,30,Male,Single,0,BACHELORS,85280.00,1,8528.00
1000663,20,Female,Single,0,HIGH_SCHOOL,60320.00,1,6032.00
1000664,66,Female,Married,2,NO_EDUCATION,58656.00,4,23462.40
1000665,50,Male,Married,2,NO_EDUCATION,52000.00,4,20800.00
1000666,73,Male,Married,0,HIGH_SCHOOL,82368.00,2,16473.60
1000667,28,Male,Single,3,BACHELORS,84448.00,4,33779.20
1000668,48,Female,Married,3,HIGH_SCHOOL,71968.00,5,35984.00
1000669,21,Male,Single,0,MASTERS,102336.00,1,10233.60
1000670,42,Male,Married,4,BACHELORS,90272.00,6,54163.20
1000671,27,Female,Single,2,HIGH_SCHOOL,63232.00,3,18969.60
1000672,31,Male,Married,1,HIGH_SCHOOL,64896.00,3,19468.80
1000673,20,Female,Single,2,BACHELORS,81120.00,3,24336.00
1000674,57,Male,Married,2,HIGH_SCHOOL,75712.00,4,30284.80
1000675,80,Female,Single,0,MASTERS,126880.00,1,12688.00
1000676,23,Male,Single,1,HIGH_SCHOOL,61568.00,2,12313.60
1000677,56,Male,Single,2,HIGH_SCHOOL,75296.00,3,22588.80
1000678,35,Female,Married,3,BACHELORS,87360.00,5,43680.00
1000679,48,Female,Married,3,BACHELORS,92768.00,5,46384.00
1000680,38,Female,Single,2,HIGH_SCHOOL,67808.00,3,20342.40
1000681,58,Male,Married,1,BACHELORS,96928.00,3,29078.40
1000682,62,Male,Single,3,HIGH_SCHOOL,77792.00,4,31116.80
1000683,64,Female,Married,3,HIGH_SCHOOL,78624.00,5,39312.00
1000684,63,Male,Single,1,MASTERS,119808.00,2,23961.60
1000685,23,Female,Single,0,HIGH_SCHOOL,61568.00,1,6156.80
1000686,63,Male,Married,0,HIGH_SCHOOL,78208.00,2,15641.60
1000687,35,Male,Married,1,HIGH_SCHOOL,66560.00,3,19968.00
1000688,61,Female,Single,1,BACHELORS,98176.00,2,19635.20
1000689,74,Female,Married,3,HIGH_SCHOOL,82784.00,5,41392.00
1000690,39,Male,Married,2,MASTERS,109824.00,4,43929.60
1000691,79,Male,Single,2,NO_EDUCATION,64064.00,3,19219.20
1000692,48,Male,Single,1,PHD,134368.00,2,26873.60
1000693,58,Male,Single,1,HIGH_SCHOOL,76128.00,2,15225.60
1000694,40,Male,Single,0,MASTERS,110240.00,1,11024.00
1000695,21,Male,Married,1,MASTERS,102336.00,3,30700.80
1000696,71,Male,Married,2,NO_EDUCATION,60736.00,4,24294.40
1000697,64,Female,Single,4,HIGH_SCHOOL,78624.00,5,39312.00
1000698,37,Male,Single,1,BACHELORS,88192.00,2,17638.40
1000699,22,Male,Single,2,HIGH_SCHOOL,61152.00,3,18345.60
1000700,65,Male,Single,2,HIGH_SCHOOL,79040.00,3,23712.00
1000701,29,Male,Married,2,NO_EDUCATION,43264.00,4,17305.60
1000702,78,Male,Single,3,HIGH_SCHOOL,84448.00,4,33779.20
1000703,79,Male,Single,2,PHD,147264.00,3,44179.20
1000704,30,Female,Single,0,BACHELORS,85280.00,1,8528.00
1000705,39,Male,Married,0,BACHELORS,89024.00,2,17804.80
1000706,34,Male,Married,0,HIGH_SCHOOL,66144.00,2,13228.80
1000707,60,Female,Single,4,HIGH_SCHOOL,76960.00,5,38480.00
1000708,60,Female,Married,4,MASTERS,118560.00,6,71136.00
1000709,57,Male,Married,2,HIGH_SCHOOL,75712.00,4,30284.80
1000710,51,Male,Single,2,BACHELORS,94016.00,3,28204.80
1000711,65,Male,Single,2,HIGH_SCHOOL,79040.00,3,23712.00
1000712,44,Male,Single,1,BACHELORS,91104.00,2,18220.80
1000713,48,Female,Married,2,BACHELORS,92768.00,4,37107.20
1000714,49,Male,Single,2,BACHELORS,93184.00,3,27955.20
1000715,55,Female,Married,1,BACHELORS,95680.00,3,28704.00
1000716,79,Male,Single,3,HIGH_SCHOOL,84864.00,4,33945.60
1000717,22,Female,Married,1,BACHELORS,81952.00,3,24585.60
1000718,49,Female,Married,3,BACHELORS,93184.00,5,46592.00
1000719,50,Female,Married,1,NO_EDUCATION,52000.00,3,15600.00
1000720,59,Male,Single,3,HIGH_SCHOOL,76544.00,4,30617.60
1000721,34,Male,Married,3,NO_EDUCATION,45344.00,5,22672.00
1000722,74,Female,Single,0,HIGH_SCHOOL,82784.00,1,8278.40
1000723,60,Male,Married,2,BACHELORS,97760.00,4,39104.00
1000724,38,Male,Married,0,HIGH_SCHOOL,67808.00,2,13561.60
1000725,31,Female,Single,1,PHD,127296.00,2,25459.20
1000726,80,Female,Single,4,BACHELORS,106080.00,5,53040.00
1000727,60,Female,Married,4,HIGH_SCHOOL,76960.00,6,46176.00
1000728,33,Male,Married,0,HIGH_SCHOOL,65728.00,2,13145.60
1000729,43,Female,Married,3,HIGH_SCHOOL,69888.00,5,34944.00
1000730,20,Male,Single,0,HIGH_SCHOOL,60320.00,1,6032.00
1000731,42,Female,Married,1,HIGH_SCHOOL,69472.00,3,20841.60
1000732,72,Male,Married,1,MASTERS,123552.00,3,37065.60
1000733,22,Female,Single,1,HIGH_SCHOOL,61152.00,2,12230.40
1000734,61,Female,Married,0,BACHELORS,98176.00,2,19635.20
1000735,63,Male,Single,2,HIGH_SCHOOL,78208.00,3,23462.40
1000736,70,Female,Married,2,BACHELORS,101920.00,4,40768.00
1000737,67,Male,Single,1,HIGH_SCHOOL,79872.00,2,15974.40
1000738,71,Male,Single,1,HIGH_SCHOOL,81536.00,2,16307.20
1000739,22,Male,Single,0,BACHELORS,81952.00,1,8195.20
1000740,76,Male,Single,3,BACHELORS,104416.00,4,41766.40
1000741,79,Female,Single,3,BACHELORS,105664.00,4,42265.60
1000742,64,Female,Single,2,BACHELORS,99424.00,3,29827.20
1000743,65,Male,Married,3,NO_EDUCATION,58240.00,5,29120.00
1000744,46,Female,Single,2,PHD,133536.00,3,40060.80
1000745,30,Male,Married,0,NO_EDUCATION,43680.00,2,8736.00
1000746,36,Male,Single,0,HIGH_SCHOOL,66976.00,1,6697.60
1000747,42,Female,Married,1,HIGH_SCHOOL,69472.00,3,20841.60
1000748,75,Female,Married,2,NO_EDUCATION,62400.00,4,24960.00
1000749,24,Female,Married,3,BACHELORS,82784.00,5,41392.00
1000750,37,Female,Married,2,NO_EDUCATION,46592.00,4,18636.80
1000751,40,Female,Married,1,HIGH_SCHOOL,68640.00,3,20592.00
1000752,66,Male,Married,1,MASTERS,121056.00,3,36316.80
1000753,45,Female,Married,3,HIGH_SCHOOL,70720.00,5,35360.00
1000754,80,Male,Married,2,BACHELORS,106080.00,4,42432.00
1000755,49,Male,Single,1,NO_EDUCATION,51584.00,2,10316.80
1000756,69,Male,Married,1,HIGH_SCHOOL,80704.00,3,24211.20
1000757,62,Male,Single,2,BACHELORS,98592.00,3,29577.60
1000758,62,Female,Single,3,NO_EDUCATION,56992.00,4,22796.80
1000759,65,Female,Married,0,NO_EDUCATION,58240.00,2,11648.00
1000760,48,Male,Married,2,HIGH_SCHOOL,71968.00,4,28787.20
1000761,64,Male,Married,1,BACHELORS,99424.00,3,29827.20
1000762,62,Male,Single,0,BACHELORS,98592.00,1,9859.20
1000763,39,Male,Married,1,HIGH_SCHOOL,68224.00,3,20467.20
1000764,20,Female,Single,1,HIGH_SCHOOL,60320.00,2,12064.00
1000765,27,Male,Single,0,PHD,125632.00,1,12563.20
1000766,21,Female,Single,1,BACHELORS,81536.00,2,16307.20
1000767,48,Female,Single,2,BACHELORS,92768.00,3,27830.40
1000768,66,Male,Married,1,PHD,141856.00,3,42556.80
1000769,52,Female,Single,2,HIGH_SCHOOL,73632.00,3,22089.60
1000770,45,Male,Married,1,HIGH_SCHOOL,70720.00,3,21216.00
1000771,44,Female,Single,1,HIGH_SCHOOL,70304.00,2,14060.80
1000772,73,Female,Married,3,HIGH_SCHOOL,82368.00,5,41184.00
1000773,54,Female,Married,4,HIGH_SCHOOL,74464.00,6,44678.40
1000774,30,Female,Single,3,MASTERS,106080.00,4,42432.00
1000775,47,Female,Married,3,HIGH_SCHOOL,71552.00,5,35776.00
1000776,71,Male,Married,1,HIGH_SCHOOL,81536.00,3,24460.80
1000777,49,Male,Married,0,HIGH_SCHOOL,72384.00,2,14476.80
1000778,68,Male,Single,1,HIGH_SCHOOL,80288.00,2,16057.60
1000779,62,Female,Married,1,HIGH_SCHOOL,77792.00,3,23337.60
1000780,31,Male,Married,3,HIGH_SCHOOL,64896.00,5,32448.00
1000781,42,Female,Married,3,HIGH_SCHOOL,69472.00,5,34736.00
1000782,57,Female,Single,0,BACHELORS,96512.00,1,9651.20
1000783,50,Male,Married,0,BACHELORS,93600.00,2,18720.00
1000784,29,Male,Single,1,HIGH_SCHOOL,64064.00,2,12812.80
1000785,59,Male,Single,1,BACHELORS,97344.00,2,19468.80
1000786,62,Male,Married,1,PHD,140192.00,3,42057.60
1000787,60,Female,Single,1,HIGH_SCHOOL,76960.00,2,15392.00
1000788,61,Male,Single,1,HIGH_SCHOOL,77376.00,2,15475.20
1000789,26,Male,Married,0,HIGH_SCHOOL,62816.00,2,12563.20
1000790,22,Female,Single,1,BACHELORS,81952.00,2,16390.40
1000791,65,Male,Single,3,PHD,141440.00,4,56576.00
1000792,44,Male,Married,3,BACHELORS,91104.00,5,45552.00
1000793,64,Male,Single,0,HIGH_SCHOOL,78624.00,1,7862.40
1000794,73,Female,Married,0,HIGH_SCHOOL,82368.00,2,16473.60
1000795,50,Female,Married,2,HIGH_SCHOOL,72800.00,4,29120.00
1000796,57,Female,Single,3,HIGH_SCHOOL,75712.00,4,30284.80
1000797,47,Male,Married,1,BACHELORS,92352.00,3,27705.60
1000798,36,Male,Married,1,NO_EDUCATION,46176.00,3,13852.80
1000799,50,Female,Married,3,MASTERS,114400.00,5,57200.00
1000800,58,Male,Married,1,PHD,138528.00,3,41558.40
1000801,75,Female,Single,2,BACHELORS,104000.00,3,31200.00
1000802,55,Male,Married,1,HIGH_SCHOOL,74880.00,3,22464.00
1000803,28,Male,Married,1,BACHELORS,84448.00,3,25334.40
1000804,60,Male,Married,1,HIGH_SCHOOL,76960.00,3,23088.00
1000805,31,Female,Married,0,HIGH_SCHOOL,64896.00,2,12979.20
1000806,64,Male,Single,1,HIGH_SCHOOL,78624.00,2,15724.80
1000807,64,Male,Single,1,NO_EDUCATION,57824.00,2,11564.80
1000808,37,Female,Single,1,BACHELORS,88192.00,2,17638.40
1000809,37,Male,Single,0,BACHELORS,88192.00,1,8819.20
1000810,28,Female,Single,3,PHD,126048.00,4,50419.20
1000811,56,Male,Married,1,HIGH_SCHOOL,75296.00,3,22588.80
1000812,80,Male,Single,1,HIGH_SCHOOL,85280.00,2,17056.00
1000813,39,Male,Married,1,NO_EDUCATION,47424.00,3,14227.20
1000814,45,Male,Married,3,HIGH_SCHOOL,70720.00,5,35360.00
1000815,60,Male,Single,1,BACHELORS,97760.00,2,19552.00
1000816,29,Female,Single,0,PHD,126464.00,1,12646.40
1000817,25,Male,Single,1,BACHELORS,83200.00,2,16640.00
1000818,44,Male,Married,4,BACHELORS,91104.00,6,54662.40
1000819,55,Female,Single,1,BACHELORS,95680.00,2,19136.00
1000820,60,Female,Married,1,BACHELORS,97760.00,3,29328.00
1000821,71,Male,Married,1,HIGH_SCHOOL,81536.00,3,24460.80
1000822,40,Male,Married,3,HIGH_SCHOOL,68640.00,5,34320.00
1000823,39,Male,Single,0,HIGH_SCHOOL,68224.00,1,6822.40
1000824,60,Male,Married,1,NO_EDUCATION,56160.00,3,16848.00
1000825,69,Male,Single,1,BACHELORS,101504.00,2,20300.80
1000826,27,Male,Single,0,NO_EDUCATION,42432.00,1,4243.20
1000827,41,Male,Married,0,BACHELORS,89856.00,2,17971.20
1000828,72,Male,Married,2,HIGH_SCHOOL,81952.00,4,32780.80
1000829,49,Female,Single,3,MASTERS,113984.00,4,45593.60
1000830,73,Female,Married,0,HIGH_SCHOOL,82368.00,2,16473.60
1000831,54,Female,Married,1,HIGH_SCHOOL,74464.00,3,22339.20
1000832,33,Female,Married,1,HIGH_SCHOOL,65728.00,3,19718.40
1000833,67,Female,Single,4,BACHELORS,100672.00,5,50336.00
1000834,52,Female,Married,3,HIGH_SCHOOL,73632.00,5,36816.00
1000835,27,Male,Single,2,HIGH_SCHOOL,63232.00,3,18969.60
1000836,24,Female,Single,1,HIGH_SCHOOL,61984.00,2,12396.80
1000837,30,Male,Single,0,NO_EDUCATION,43680.00,1,4368.00
1000838,72,Male,Married,0,BACHELORS,102752.00,2,20550.40
1000839,78,Female,Married,1,HIGH_SCHOOL,84448.00,3,25334.40
1000840,40,Female,Married,1,HIGH_SCHOOL,68640.00,3,20592.00
1000841,71,Female,Single,1,MASTERS,123136.00,2,24627.20
1000842,53,Female,Married,1,HIGH_SCHOOL,74048.00,3,22214.40
1000843,60,Male,Married,3,HIGH_SCHOOL,76960.00,5,38480.00
1000844,44,Male,Married,0,HIGH_SCHOOL,70304.00,2,14060.80
1000845,35,Female,Married,1,HIGH_SCHOOL,66560.00,3,19968.00
1000846,67,Male,Single,2,BACHELORS,100672.00,3,30201.60
1000847,33,Male,Married,1,HIGH_SCHOOL,65728.00,3,19718.40
1000848,46,Female,Single,3,HIGH_SCHOOL,71136.00,4,28454.40
1000849,70,Male,Married,2,HIGH_SCHOOL,81120.00,4,32448.00
1000850,68,Male,Single,3,HIGH_SCHOOL,80288.00,4,32115.20
1000851,25,Male,Single,2,HIGH_SCHOOL,62400.00,3,18720.00
1000852,51,Male,Single,3,BACHELORS,94016.00,4,37606.40
1000853,21,Female,Single,0,BACHELORS,81536.00,1,8153.60
1000854,37,Female,Married,0,BACHELORS,88192.00,2,17638.40
1000855,31,Male,Married,0,BACHELORS,85696.00,2,17139.20
1000856,76,Female,Single,4,HIGH_SCHOOL,83616.00,5,41808.00
1000857,67,Female,Single,0,BACHELORS,100672.00,1,10067.20
1000858,26,Female,Married,2,HIGH_SCHOOL,62816.00,4,25126.40
1000859,32,Female,Married,1,HIGH_SCHOOL,65312.00,3,19593.60
1000860,63,Female,Single,1,MASTERS,119808.00,2,23961.60
1000861,64,Female,Married,2,HIGH_SCHOOL,78624.00,4,31449.60
1000862,29,Male,Single,0,HIGH_SCHOOL,64064.00,1,6406.40
1000863,28,Male,Single,2,BACHELORS,84448.00,3,25334.40
1000864,64,Female,Single,2,BACHELORS,99424.00,3,29827.20
1000865,60,Female,Married,4,HIGH_SCHOOL,76960.00,6,46176.00
1000866,52,Female,Single,2,BACHELORS,94432.00,3,28329.60
1000867,26,Female,Single,3,HIGH_SCHOOL,62816.00,4,25126.40
1000868,52,Female,Single,2,BACHELORS,94432.00,3,28329.60
1000869,49,Female,Married,3,HIGH_SCHOOL,72384.00,5,36192.00
1000870,51,Male,Married,0,BACHELORS,94016.00,2,18803.20
1000871,66,Male,Single,1,HIGH_SCHOOL,79456.00,2,15891.20
1000872,33,Female,Married,0,BACHELORS,86528.00,2,17305.60
1000873,69,Male,Single,3,MASTERS,122304.00,4,48921.60
1000874,43,Female,Single,1,BACHELORS,90688.00,2,18137.60
1000875,41,Male,Married,2,HIGH_SCHOOL,69056.00,4,27622.40
1000876,69,Male,Single,1,HIGH_SCHOOL,80704.00,2,16140.80
1000877,43,Male,Single,3,BACHELORS,90688.00,4,36275.20
1000878,79,Male,Single,2,BACHELORS,105664.00,3,31699.20
1000879,25,Male,Married,1,MASTERS,104000.00,3,31200.00
1000880,37,Female,Married,1,HIGH_SCHOOL,67392.00,3,20217.60
1000881,58,Male,Married,0,BACHELORS,96928.00,2,19385.60
1000882,66,Male,Single,3,BACHELORS,100256.00,4,40102.40
1000883,33,Female,Married,1,BACHELORS,86528.00,3,25958.40
1000884,66,Male,Single,2,HIGH_SCHOOL,79456.00,3,23836.80
1000885,76,Male,Single,3,MASTERS,125216.00,4,50086.40
1000886,37,Male,Married,0,HIGH_SCHOOL,67392.00,2,13478.40
1000887,72,Female,Single,1,HIGH_SCHOOL,81952.00,2,16390.40
1000888,80,Male,Single,2,HIGH_SCHOOL,85280.00,3,25584.00
1000889,77,Female,Single,4,HIGH_SCHOOL,84032.00,5,42016.00
1000890,75,Male,Single,1,MASTERS,124800.00,2,24960.00
1000891,74,Male,Single,2,PHD,145184.00,3,43555.20
1000892,31,Female,Married,1,HIGH_SCHOOL,64896.00,3,19468.80
1000893,55,Female,Married,0,HIGH_SCHOOL,74880.00,2,14976.00
1000894,60,Female,Single,1,HIGH_SCHOOL,76960.00,2,15392.00
1000895,33,Female,Married,0,BACHELORS,86528.00,2,17305.60
1000896,77,Female,Single,4,BACHELORS,104832.00,5,52416.00
1000897,55,Female,Married,1,NO_EDUCATION,54080.00,3,16224.00
1000898,48,Male,Married,1,MASTERS,113568.00,3,34070.40
1000899,70,Female,Married,1,BACHELORS,101920.00,3,30576.00
1000900,58,Male,Married,4,HIGH_SCHOOL,76128.00,6,45676.80
1000901,20,Female,Single,2,NO_EDUCATION,39520.00,3,11856.00
1000902,28,Female,Single,0,HIGH_SCHOOL,63648.00,1,6364.80
1000903,28,Male,Single,1,BACHELORS,84448.00,2,16889.60
1000904,23,Female,Single,0,NO_EDUCATION,40768.00,1,4076.80
1000905,39,Male,Married,0,MASTERS,109824.00,2,21964.80
1000906,62,Female,Married,2,HIGH_SCHOOL,77792.00,4,31116.80
1000907,42,Male,Married,2,HIGH_SCHOOL,69472.00,4,27788.80
1000908,31,Female,Married,0,HIGH_SCHOOL,64896.00,2,12979.20
1000909,52,Male,Married,2,BACHELORS,94432.00,4,37772.80
1000910,76,Female,Single,1,HIGH_SCHOOL,83616.00,2,16723.20
1000911,72,Female,Married,3,BACHELORS,102752.00,5,51376.00
1000912,24,Male,Married,0,NO_EDUCATION,41184.00,2,8236.80
1000913,32,Male,Married,0,PHD,127712.00,2,25542.40
1000914,38,Female,Married,2,NO_EDUCATION,47008.00,4,18803.20
1000915,31,Male,Married,0,PHD,127296.00,2,25459.20
1000916,30,Male,Single,0,MASTERS,106080.00,1,10608.00
1000917,79,Male,Single,1,HIGH_SCHOOL,84864.00,2,16972.80
1000918,72,Female,Married,0,HIGH_SCHOOL,81952.00,2,16390.40
1000919,70,Female,Single,2,MASTERS,122720.00,3,36816.00
1000920,62,Female,Married,2,HIGH_SCHOOL,77792.00,4,31116.80
1000921,62,Female,Married,1,HIGH_SCHOOL,77792.00,3,23337.60
1000922,57,Female,Single,3,BACHELORS,96512.00,4,38604.80
1000923,75,Male,Single,1,BACHELORS,104000.00,2,20800.00
1000924,37,Male,Married,1,HIGH_SCHOOL,67392.00,3,20217.60
1000925,48,Male,Single,4,BACHELORS,92768.00,5,46384.00
1000926,40,Male,Married,0,HIGH_SCHOOL,68640.00,2,13728.00
1000927,45,Male,Married,4,BACHELORS,91520.00,6,54912.00
1000928,75,Female,Married,1,BACHELORS,104000.00,3,31200.00
1000929,60,Female,Single,4,HIGH_SCHOOL,76960.00,5,38480.00
1000930,35,Female,Single,0,BACHELORS,87360.00,1,8736.00
1000931,40,Female,Married,0,PHD,131040.00,2,26208.00
1000932,44,Male,Married,2,PHD,132704.00,4,53081.60
1000933,44,Female,Married,3,HIGH_SCHOOL,70304.00,5,35152.00
1000934,75,Male,Married,1,HIGH_SCHOOL,83200.00,3,24960.00
1000935,23,Male,Single,2,BACHELORS,82368.00,3,24710.40
1000936,33,Female,Single,0,HIGH_SCHOOL,65728.00,1,6572.80
1000937,69,Male,Single,3,HIGH_SCHOOL,80704.00,4,32281.60
1000938,23,Female,Single,0,HIGH_SCHOOL,61568.00,1,6156.80
1000939,35,Female,Married,1,MASTERS,108160.00,3,32448.00
1000940,51,Male,Married,2,HIGH_SCHOOL,73216.00,4,29286.40
1000941,37,Female,Married,3,HIGH_SCHOOL,67392.00,5,33696.00
1000942,46,Female,Married,1,HIGH_SCHOOL,71136.00,3,21340.80
1000943,42,Male,Single,4,HIGH_SCHOOL,69472.00,5,34736.00
1000944,27,Female,Single,1,HIGH_SCHOOL,63232.00,2,12646.40
1000945,24,Male,Single,2,HIGH_SCHOOL,61984.00,3,18595.20
1000946,39,Female,Single,3,PHD,130624.00,4,52249.60
1000947,66,Female,Single,1,PHD,141856.00,2,28371.20
1000948,78,Female,Married,4,HIGH_SCHOOL,84448.00,6,50668.80
1000949,79,Male,Married,1,MASTERS,126464.00,3,37939.20
1000950,39,Male,Married,0,BACHELORS,89024.00,2,17804.80
1000951,29,Male,Single,0,NO_EDUCATION,43264.00,1,4326.40
1000952,44,Male,Married,2,HIGH_SCHOOL,70304.00,4,28121.60
1000953,41,Male,Married,2,HIGH_SCHOOL,69056.00,4,27622.40
1000954,61,Female,Single,1,BACHELORS,98176.00,2,19635.20
1000955,40,Female,Married,1,HIGH_SCHOOL,68640.00,3,20592.00
1000956,72,Male,Single,1,HIGH_SCHOOL,81952.00,2,16390.40
1000957,57,Female,Married,3,BACHELORS,96512.00,5,48256.00
1000958,76,Female,Single,1,MASTERS,125216.00,2,25043.20
1000959,21,Male,Single,0,HIGH_SCHOOL,60736.00,1,6073.60
1000960,42,Female,Married,1,BACHELORS,90272.00,3,27081.60
1000961,75,Male,Married,2,HIGH_SCHOOL,83200.00,4,33280.00
1000962,40,Male,Married,0,HIGH_SCHOOL,68640.00,2,13728.00
1000963,75,Male,Single,2,HIGH_SCHOOL,83200.00,3,24960.00
1000964,22,Female,Single,0,HIGH_SCHOOL,61152.00,1,6115.20
1000965,54,Male,Married,1,NO_EDUCATION,53664.00,3,16099.20
1000966,20,Female,Single,1,HIGH_SCHOOL,60320.00,2,12064.00
1000967,25,Male,Single,0,BACHELORS,83200.00,1,8320.00
1000968,22,Male,Married,0,HIGH_SCHOOL,61152.00,2,12230.40
1000969,41,Female,Single,3,HIGH_SCHOOL,69056.00,4,27622.40
1000970,38,Female,Married,0,BACHELORS,88608.00,2,17721.60
1000971,62,Female,Married,2,HIGH_SCHOOL,77792.00,4,31116.80
1000972,28,Female,Single,0,HIGH_SCHOOL,63648.00,1,6364.80
1000973,32,Female,Single,3,HIGH_SCHOOL,65312.00,4,26124.80
1000974,63,Male,Married,2,HIGH_SCHOOL,78208.00,4,31283.20
1000975,51,Female,Married,3,BACHELORS,94016.00,5,47008.00
1000976,28,Female,Married,1,NO_EDUCATION,42848.00,3,12854.40
1000977,34,Male,Single,0,HIGH_SCHOOL,66144.00,1,6614.40
1000978,30,Female,Single,0,PHD,126880.00,1,12688.00
1000979,42,Male,Married,1,PHD,131872.00,3,39561.60
1000980,26,Male,Single,2,HIGH_SCHOOL,62816.00,3,18844.80
1000981,44,Female,Married,3,HIGH_SCHOOL,70304.00,5,35152.00
1000982,59,Female,Married,3,HIGH_SCHOOL,76544.00,5,38272.00
1000983,78,Female,Married,4,HIGH_SCHOOL,84448.00,6,50668.80
1000984,67,Male,Single,4,HIGH_SCHOOL,79872.00,5,39936.00
1000985,74,Female,Single,4,HIGH_SCHOOL,82784.00,5,41392.00
1000986,39,Male,Married,0,NO_EDUCATION,47424.00,2,9484.80
1000987,39,Female,Married,3,HIGH_SCHOOL,68224.00,5,34112.00
1000988,69,Female,Single,1,BACHELORS,101504.00,2,20300.80
1000989,30,Male,Married,1,BACHELORS,85280.00,3,25584.00
1000990,23,Female,Single,0,HIGH_SCHOOL,61568.00,1,6156.80
1000991,68,Female,Married,4,HIGH_SCHOOL,80288.00,6,48172.80
1000992,74,Female,Single,3,HIGH_SCHOOL,82784.00,4,33113.60
1000993,26,Female,Single,1,HIGH_SCHOOL,62816.00,2,12563.20
1000994,64,Female,Married,2,HIGH_SCHOOL,78624.00,4,31449.60
1000995,63,Female,Single,3,HIGH_SCHOOL,78208.00,4,31283.20
1000996,39,Male,Married,0,NO_EDUCATION,47424.00,2,9484.80
1000997,59,Male,Married,1,MASTERS,118144.00,3,35443.20
1000998,63,Male,Married,2,BACHELORS,99008.00,4,39603.20
1000999,26,Male,Single,2,NO_EDUCATION,42016.00,3,12604.80
1001000,78,Female,Married,1,HIGH_SCHOOL,84448.00,3,25334.40
1001001,42,Male,Married,2,HIGH_SCHOOL,69472.00,4,27788.80
1001002,73,Female,Married,2,HIGH_SCHOOL,82368.00,4,32947.20
1001003,76,Male,Single,1,MASTERS,125216.00,2,25043.20
1001004,76,Male,Married,3,NO_EDUCATION,62816.00,5,31408.00
1001005,32,Female,Married,2,HIGH_SCHOOL,65312.00,4,26124.80
1001006,43,Male,Married,2,HIGH_SCHOOL,69888.00,4,27955.20
1001007,55,Male,Married,2,NO_EDUCATION,54080.00,4,21632.00
1001008,53,Male,Single,2,NO_EDUCATION,53248.00,3,15974.40
1001009,70,Male,Single,1,HIGH_SCHOOL,81120.00,2,16224.00
1001010,79,Female,Married,3,HIGH_SCHOOL,84864.00,5,42432.00
1001011,23,Male,Single,1,NO_EDUCATION,40768.00,2,8153.60
1001012,64,Female,Single,2,BACHELORS,99424.00,3,29827.20
1001013,44,Male,Married,4,HIGH_SCHOOL,70304.00,6,42182.40
1001014,25,Female,Married,3,HIGH_SCHOOL,62400.00,5,31200.00
1001015,45,Male,Married,1,BACHELORS,91520.00,3,27456.00
1001016,66,Female,Single,2,HIGH_SCHOOL,79456.00,3,23836.80
1001017,48,Male,Married,1,HIGH_SCHOOL,71968.00,3,21590.40
1001018,63,Female,Married,2,PHD,140608.00,4,56243.20
1001019,50,Male,Single,1,BACHELORS,93600.00,2,18720.00
1001020,33,Male,Married,1,HIGH_SCHOOL,65728.00,3,19718.40
1001021,36,Male,Married,2,HIGH_SCHOOL,66976.00,4,26790.40
1001022,21,Female,Single,0,NO_EDUCATION,39936.00,1,3993.60
1001023,67,Male,Single,0,MASTERS,121472.00,1,12147.20
1001024,26,Male,Married,1,HIGH_SCHOOL,62816.00,3,18844.80
1001025,48,Male,Married,3,HIGH_SCHOOL,71968.00,5,35984.00
1001026,37,Male,Married,2,NO_EDUCATION,46592.00,4,18636.80
1001027,67,Female,Married,2,HIGH_SCHOOL,79872.00,4,31948.80
1001028,66,Female,Married,1,HIGH_SCHOOL,79456.00,3,23836.80
1001029,65,Female,Married,2,PHD,141440.00,4,56576.00
1001030,50,Male,Single,3,HIGH_SCHOOL,72800.00,4,29120.00
1001031,63,Female,Married,3,MASTERS,119808.00,5,59904.00
1001032,20,Female,Single,1,HIGH_SCHOOL,60320.00,2,12064.00
1001033,60,Male,Married,3,HIGH_SCHOOL,76960.00,5,38480.00
1001034,67,Male,Single,1,HIGH_SCHOOL,79872.00,2,15974.40
1001035,26,Female,Single,0,NO_EDUCATION,42016.00,1,4201.60
1001036,63,Female,Married,2,HIGH_SCHOOL,78208.00,4,31283.20
1001037,38,Male,Married,2,HIGH_SCHOOL,67808.00,4,27123.20
1001038,65,Male,Married,4,HIGH_SCHOOL,79040.00,6,47424.00
1001039,34,Male,Single,2,BACHELORS,86944.00,3,26083.20
1001040,50,Male,Single,4,HIGH_SCHOOL,72800.00,5,36400.00
1001041,49,Male,Married,2,HIGH_SCHOOL,72384.00,4,28953.60
1001042,68,Male,Single,1,BACHELORS,101088.00,2,20217.60
1001043,72,Female,Single,2,BACHELORS,102752.00,3,30825.60
1001044,25,Female,Single,0,BACHELORS,83200.00,1,8320.00
1001045,61,Male,Single,2,MASTERS,118976.00,3,35692.80
1001046,80,Female,Single,1,HIGH_SCHOOL,85280.00,2,17056.00
1001047,46,Male,Married,1,BACHELORS,91936.00,3,27580.80
1001048,65,Female,Single,1,BACHELORS,99840.00,2,19968.00
1001049,57,Male,Married,2,BACHELORS,96512.00,4,38604.80
1001050,55,Male,Married,1,MASTERS,116480.00,3,34944.00
1001051,49,Female,Married,2,MASTERS,113984.00,4,45593.60
1001052,51,Female,Married,1,MASTERS,114816.00,3,34444.80
1001053,36,Male,Single,3,NO_EDUCATION,46176.00,4,18470.40
1001054,59,Male,Married,1,HIGH_SCHOOL,76544.00,3,22963.20
1001055,39,Male,Single,0,HIGH_SCHOOL,68224.00,1,6822.40
1001056,58,Male,Single,2,NO_EDUCATION,55328.00,3,16598.40
1001057,40,Female,Married,1,BACHELORS,89440.00,3,26832.00
1001058,37,Male,Married,2,HIGH_SCHOOL,67392.00,4,26956.80
1001059,53,Female,Married,3,HIGH_SCHOOL,74048.00,5,37024.00
1001060,33,Male,Married,0,BACHELORS,86528.00,2,17305.60
1001061,45,Female,Married,4,BACHELORS,91520.00,6,54912.00
1001062,56,Female,Married,1,MASTERS,116896.00,3,35068.80
1001063,31,Male,Married,2,MASTERS,106496.00,4,42598.40
1001064,30,Male,Single,1,BACHELORS,85280.00,2,17056.00
1001065,45,Male,Married,3,PHD,133120.00,5,66560.00
1001066,33,Female,Married,3,HIGH_SCHOOL,65728.00,5,32864.00
1001067,75,Male,Married,3,BACHELORS,104000.00,5,52000.00
1001068,31,Male,Single,0,HIGH_SCHOOL,64896.00,1,6489.60
1001069,29,Female,Single,1,PHD,126464.00,2,25292.80
1001070,61,Male,Single,1,MASTERS,118976.00,2,23795.20
1001071,65,Male,Single,1,HIGH_SCHOOL,79040.00,2,15808.00
1001072,45,Female,Married,2,HIGH_SCHOOL,70720.00,4,28288.00
1001073,48,Male,Married,1,HIGH_SCHOOL,71968.00,3,21590.40
1001074,44,Female,Married,4,HIGH_SCHOOL,70304.00,6,42182.40
1001075,79,Female,Married,0,HIGH_SCHOOL,84864.00,2,16972.80
1001076,53,Female,Married,0,MASTERS,115648.00,2,23129.60
1001077,41,Male,Married,1,HIGH_SCHOOL,69056.00,3,20716.80
1001078,37,Male,Married,1,HIGH_SCHOOL,67392.00,3,20217.60
1001079,32,Male,Single,3,BACHELORS,86112.00,4,34444.80
1001080,42,Male,Married,2,PHD,131872.00,4,52748.80
1001081,66,Female,Single,3,HIGH_SCHOOL,79456.00,4,31782.40
1001082,27,Male,Single,0,BACHELORS,84032.00,1,8403.20
1001083,73,Female,Married,3,MASTERS,123968.00,5,61984.00
1001084,71,Female,Married,0,HIGH_SCHOOL,81536.00,2,16307.20
1001085,40,Female,Single,0,HIGH_SCHOOL,68640.00,1,6864.00
1001086,70,Female,Single,3,BACHELORS,101920.00,4,40768.00
1001087,63,Female,Married,0,BACHELORS,99008.00,2,19801.60
1001088,42,Female,Married,3,HIGH_SCHOOL,69472.00,5,34736.00
1001089,60,Female,Married,2,HIGH_SCHOOL,76960.00,4,30784.00
1001090,67,Male,Single,2,HIGH_SCHOOL,79872.00,3,23961.60
1001091,59,Female,Married,0,HIGH_SCHOOL,76544.00,2,15308.80
1001092,22,Female,Single,0,HIGH_SCHOOL,61152.00,1,6115.20
1001093,44,Female,Married,3,HIGH_SCHOOL,70304.00,5,35152.00
1001094,65,Female,Single,1,HIGH_SCHOOL,79040.00,2,15808.00
1001095,41,Female,Married,4,HIGH_SCHOOL,69056.00,6,41433.60
1001096,50,Female,Married,2,HIGH_SCHOOL,72800.00,4,29120.00
1001097,23,Female,Single,0,MASTERS,103168.00,1,10316.80
1001098,30,Male,Single,1,BACHELORS,85280.00,2,17056.00
1001099,39,Female,Married,1,HIGH_SCHOOL,68224.00,3,20467.20
1001100,48,Female,Married,3,NO_EDUCATION,51168.00,5,25584.00
1001101,64,Male,Single,3,BACHELORS,99424.00,4,39769.60
1001102,69,Male,Single,4,HIGH_SCHOOL,80704.00,5,40352.00
1001103,59,Male,Married,3,MASTERS,118144.00,5,59072.00
1001104,74,Female,Single,4,HIGH_SCHOOL,82784.00,5,41392.00
1001105,48,Female,Married,3,HIGH_SCHOOL,71968.00,5,35984.00
1001106,70,Male,Married,1,HIGH_SCHOOL,81120.00,3,24336.00
1001107,51,Female,Married,2,HIGH_SCHOOL,73216.00,4,29286.40
1001108,45,Male,Married,1,BACHELORS,91520.00,3,27456.00
1001109,29,Male,Single,1,HIGH_SCHOOL,64064.00,2,12812.80
1001110,66,Female,Married,2,HIGH_SCHOOL,79456.00,4,31782.40
1001111,79,Male,Married,0,PHD,147264.00,2,29452.80
1001112,42,Female,Married,1,HIGH_SCHOOL,69472.00,3,20841.60
1001113,45,Male,Married,2,HIGH_SCHOOL,70720.00,4,28288.00
1001114,56,Female,Married,4,BACHELORS,96096.00,6,57657.60
1001115,56,Male,Married,2,HIGH_SCHOOL,75296.00,4,30118.40
1001116,46,Female,Married,3,HIGH_SCHOOL,71136.00,5,35568.00
1001117,51,Female,Married,2,PHD,135616.00,4,54246.40
1001118,73,Female,Single,3,BACHELORS,103168.00,4,41267.20
1001119,61,Female,Married,1,HIGH_SCHOOL,77376.00,3,23212.80
1001120,68,Male,Married,2,BACHELORS,101088.00,4,40435.20
1001121,30,Female,Married,0,HIGH_SCHOOL,64480.00,2,12896.00
1001122,72,Male,Married,0,HIGH_SCHOOL,81952.00,2,16390.40
1001123,44,Male,Married,1,HIGH_SCHOOL,70304.00,3,21091.20
1001124,72,Male,Married,1,BACHELORS,102752.00,3,30825.60
1001125,32,Male,Married,2,BACHELORS,86112.00,4,34444.80
1001126,40,Female,Married,0,HIGH_SCHOOL,68640.00,2,13728.00
1001127,23,Male,Single,0,BACHELORS,82368.00,1,8236.80
1001128,48,Male,Single,1,NO_EDUCATION,51168.00,2,10233.60
1001129,49,Male,Married,3,BACHELORS,93184.00,5,46592.00
1001130,70,Male,Single,2,HIGH_SCHOOL,81120.00,3,24336.00
1001131,26,Female,Married,2,BACHELORS,83616.00,4,33446.40
1001132,27,Male,Single,3,HIGH_SCHOOL,63232.00,4,25292.80
1001133,43,Male,Single,0,BACHELORS,90688.00,1,9068.80
1001134,76,Male,Single,1,NO_EDUCATION,62816.00,2,12563.20
1001135,58,Female,Married,1,BACHELORS,96928.00,3,29078.40
1001136,55,Male,Married,1,HIGH_SCHOOL,74880.00,3,22464.00
1001137,40,Male,Married,1,HIGH_SCHOOL,68640.00,3,20592.00
1001138,31,Male,Married,2,HIGH_SCHOOL,64896.00,4,25958.40
1001139,62,Male,Married,1,HIGH_SCHOOL,77792.00,3,23337.60
1001140,22,Male,Single,1,HIGH_SCHOOL,61152.00,2,12230.40
1001141,25,Male,Single,0,BACHELORS,83200.00,1,8320.00
1001142,48,Female,Married,1,HIGH_SCHOOL,71968.00,3,21590.40
1001143,74,Female,Single,1,BACHELORS,103584.00,2,20716.80
1001144,56,Female,Married,2,HIGH_SCHOOL,75296.00,4,30118.40
1001145,74,Male,Married,2,HIGH_SCHOOL,82784.00,4,33113.60
1001146,68,Female,Married,2,BACHELORS,101088.00,4,40435.20
1001147,71,Male,Single,1,HIGH_SCHOOL,81536.00,2,16307.20
1001148,36,Female,Married,2,BACHELORS,87776.00,4,35110.40
1001149,43,Female,Single,2,PHD,132288.00,3,39686.40
1001150,69,Female,Married,2,HIGH_SCHOOL,80704.00,4,32281.60
1001151,52,Male,Married,2,HIGH_SCHOOL,73632.00,4,29452.80
1001152,31,Female,Married,0,BACHELORS,85696.00,2,17139.20
1001153,72,Male,Married,2,BACHELORS,102752.00,4,41100.80
1001154,44,Male,Married,2,MASTERS,111904.00,4,44761.60
1001155,57,Male,Married,2,NO_EDUCATION,54912.00,4,21964.80
1001156,74,Female,Single,2,HIGH_SCHOOL,82784.00,3,24835.20
1001157,35,Female,Married,1,HIGH_SCHOOL,66560.00,3,19968.00
1001158,41,Female,Married,2,HIGH_SCHOOL,69056.00,4,27622.40
1001159,68,Male,Married,0,PHD,142688.00,2,28537.60
1001160,32,Female,Married,2,HIGH_SCHOOL,65312.00,4,26124.80
1001161,22,Male,Married,0,BACHELORS,81952.00,2,16390.40
1001162,66,Male,Married,3,NO_EDUCATION,58656.00,5,29328.00
1001163,31,Female,Married,1,PHD,127296.00,3,38188.80
1001164,72,Male,Single,0,MASTERS,123552.00,1,12355.20
1001165,48,Male,Married,1,HIGH_SCHOOL,71968.00,3,21590.40
1001166,77,Female,Married,3,HIGH_SCHOOL,84032.00,5,42016.00
1001167,56,Male,Married,1,HIGH_SCHOOL,75296.00,3,22588.80
1001168,78,Female,Married,2,HIGH_SCHOOL,84448.00,4,33779.20
1001169,66,Male,Single,2,HIGH_SCHOOL,79456.00,3,23836.80
1001170,67,Female,Married,4,HIGH_SCHOOL,79872.00,6,47923.20
1001171,77,Male,Married,3,MASTERS,125632.00,5,62816.00
1001172,34,Female,Married,0,BACHELORS,86944.00,2,17388.80
1001173,73,Male,Married,1,MASTERS,123968.00,3,37190.40
1001174,30,Male,Single,1,HIGH_SCHOOL,64480.00,2,12896.00
1001175,22,Female,Married,0,HIGH_SCHOOL,61152.00,2,12230.40
1001176,67,Male,Single,1,MASTERS,121472.00,2,24294.40
1001177,35,Male,Married,1,HIGH_SCHOOL,66560.00,3,19968.00
1001178,76,Female,Single,3,BACHELORS,104416.00,4,41766.40
1001179,63,Male,Single,2,HIGH_SCHOOL,78208.00,3,23462.40
1001180,50,Male,Married,3,NO_EDUCATION,52000.00,5,26000.00
1001181,44,Male,Single,4,HIGH_SCHOOL,70304.00,5,35152.00
1001182,75,Male,Married,1,BACHELORS,104000.00,3,31200.00
1001183,56,Male,Married,2,HIGH_SCHOOL,75296.00,4,30118.40
1001184,24,Female,Single,2,BACHELORS,82784.00,3,24835.20
1001185,78,Male,Married,2,HIGH_SCHOOL,84448.00,4,33779.20
1001186,49,Male,Married,3,HIGH_SCHOOL,72384.00,5,36192.00
1001187,30,Male,Single,1,BACHELORS,85280.00,2,17056.00
1001188,45,Male,Married,2,HIGH_SCHOOL,70720.00,4,28288.00
1001189,33,Female,Married,1,HIGH_SCHOOL,65728.00,3,19718.40
1001190,32,Female,Single,2,HIGH_SCHOOL,65312.00,3,19593.60
1001191,36,Male,Married,0,HIGH_SCHOOL,66976.00,2,13395.20
1001192,67,Female,Single,1,HIGH_SCHOOL,79872.00,2,15974.40
1001193,22,Female,Single,1,HIGH_SCHOOL,61152.00,2,12230.40
1001194,46,Female,Married,1,HIGH_SCHOOL,71136.00,3,21340.80
1001195,48,Male,Single,0,BACHELORS,92768.00,1,9276.80
1001196,75,Female,Single,3,HIGH_SCHOOL,83200.00,4,33280.00
1001197,47,Female,Married,1,HIGH_SCHOOL,71552.00,3,21465.60
1001198,30,Female,Single,1,BACHELORS,85280.00,2,17056.00
1001199,53,Male,Married,2,NO_EDUCATION,53248.00,4,21299.20
1001200,67,Female,Married,0,BACHELORS,100672.00,2,20134.40
1001201,28,Female,Married,0,HIGH_SCHOOL,63648.00,2,12729.60
1001202,46,Male,Single,4,HIGH_SCHOOL,71136.00,5,35568.00
1001203,22,Female,Single,0,HIGH_SCHOOL,61152.00,1,6115.20
1001204,70,Female,Single,1,HIGH_SCHOOL,81120.00,2,16224.00
1001205,71,Male,Married,1,HIGH_SCHOOL,81536.00,3,24460.80
1001206,63,Female,Married,4,HIGH_SCHOOL,78208.00,6,46924.80
1001207,24,Female,Married,2,BACHELORS,82784.00,4,33113.60
1001208,50,Male,Single,1,HIGH_SCHOOL,72800.00,2,14560.00
1001209,42,Male,Single,3,MASTERS,111072.00,4,44428.80
1001210,49,Male,Married,3,HIGH_SCHOOL,72384.00,5,36192.00
1001211,43,Male,Married,2,HIGH_SCHOOL,69888.00,4,27955.20
1001212,68,Female,Single,2,MASTERS,121888.00,3,36566.40
1001213,50,Female,Single,1,HIGH_SCHOOL,72800.00,2,14560.00
1001214,27,Female,Married,0,BACHELORS,84032.00,2,16806.40
1001215,47,Female,Married,2,MASTERS,113152.00,4,45260.80
1001216,22,Male,Married,1,HIGH_SCHOOL,61152.00,3,18345.60
1001217,71,Male,Married,2,HIGH_SCHOOL,81536.00,4,32614.40
1001218,54,Male,Married,1,HIGH_SCHOOL,74464.00,3,22339.20
1001219,62,Male,Married,0,BACHELORS,98592.00,2,19718.40
1001220,27,Male,Married,2,HIGH_SCHOOL,63232.00,4,25292.80
1001221,69,Male,Single,2,HIGH_SCHOOL,80704.00,3,24211.20
1001222,53,Male,Married,3,MASTERS,115648.00,5,57824.00
1001223,50,Female,Single,2,HIGH_SCHOOL,72800.00,3,21840.00
1001224,25,Female,Single,0,NO_EDUCATION,41600.00,1,4160.00
1001225,64,Female,Single,0,BACHELORS,99424.00,1,9942.40
1001226,59,Female,Married,1,MASTERS,118144.00,3,35443.20
1001227,43,Female,Single,1,HIGH_SCHOOL,69888.00,2,13977.60
1001228,76,Female,Married,3,HIGH_SCHOOL,83616.00,5,41808.00
1001229,78,Male,Single,1,MASTERS,126048.00,2,25209.60
1001230,59,Male,Married,4,BACHELORS,97344.00,6,58406.40
1001231,34,Male,Married,1,BACHELORS,86944.00,3,26083.20
1001232,60,Male,Married,1,HIGH_SCHOOL,76960.00,3,23088.00
1001233,78,Male,Single,3,HIGH_SCHOOL,84448.00,4,33779.20
1001234,33,Male,Married,0,NO_EDUCATION,44928.00,2,8985.60
1001235,63,Male,Single,2,HIGH_SCHOOL,78208.00,3,23462.40
1001236,51,Male,Married,1,BACHELORS,94016.00,3,28204.80
1001237,60,Female,Married,1,HIGH_SCHOOL,76960.00,3,23088.00
1001238,59,Female,Married,4,HIGH_SCHOOL,76544.00,6,45926.40
1001239,63,Female,Single,2,BACHELORS,99008.00,3,29702.40
1001240,61,Male,Single,2,HIGH_SCHOOL,77376.00,3,23212.80
1001241,76,Female,Married,1,PHD,146016.00,3,43804.80
1001242,53,Male,Married,1,HIGH_SCHOOL,74048.00,3,22214.40
1001243,58,Male,Married,4,NO_EDUCATION,55328.00,6,33196.80
1001244,48,Male,Married,2,HIGH_SCHOOL,71968.00,4,28787.20
1001245,74,Female,Single,1,HIGH_SCHOOL,82784.00,2,16556.80
1001246,41,Male,Married,2,HIGH_SCHOOL,69056.00,4,27622.40
1001247,74,Male,Married,1,PHD,145184.00,3,43555.20
1001248,58,Female,Single,1,MASTERS,117728.00,2,23545.60
1001249,70,Male,Single,2,HIGH_SCHOOL,81120.00,3,24336.00
1001250,76,Female,Married,0,NO_EDUCATION,62816.00,2,12563.20
1001251,22,Male,Single,2,HIGH_SCHOOL,61152.00,3,18345.60
1001252,41,Female,Single,4,NO_EDUCATION,48256.00,5,24128.00
1001253,60,Female,Married,1,BACHELORS,97760.00,3,29328.00
1001254,54,Male,Single,1,MASTERS,116064.00,2,23212.80
1001255,79,Male,Married,1,BACHELORS,105664.00,3,31699.20
1001256,22,Female,Married,2,HIGH_SCHOOL,61152.00,4,24460.80
1001257,25,Female,Married,1,HIGH_SCHOOL,62400.00,3,18720.00
1001258,31,Male,Single,0,PHD,127296.00,1,12729.60
1001259,34,Male,Married,3,HIGH_SCHOOL,66144.00,5,33072.00
1001260,77,Female,Single,0,BACHELORS,104832.00,1,10483.20
1001261,79,Male,Married,2,HIGH_SCHOOL,84864.00,4,33945.60
1001262,35,Male,Married,0,BACHELORS,87360.00,2,17472.00
1001263,79,Male,Single,1,MASTERS,126464.00,2,25292.80
1001264,60,Female,Married,3,HIGH_SCHOOL,76960.00,5,38480.00
1001265,70,Female,Married,1,PHD,143520.00,3,43056.00
1001266,76,Female,Married,2,NO_EDUCATION,62816.00,4,25126.40
1001267,54,Female,Married,2,BACHELORS,95264.00,4,38105.60
1001268,40,Male,Married,0,BACHELORS,89440.00,2,17888.00
1001269,42,Female,Married,0,HIGH_SCHOOL,69472.00,2,13894.40
1001270,68,Male,Single,2,BACHELORS,101088.00,3,30326.40
1001271,47,Male,Married,0,BACHELORS,92352.00,2,18470.40
1001272,56,Female,Married,2,HIGH_SCHOOL,75296.00,4,30118.40
1001273,46,Female,Married,0,HIGH_SCHOOL,71136.00,2,14227.20
1001274,71,Female,Single,1,NO_EDUCATION,60736.00,2,12147.20
1001275,61,Male,Married,3,BACHELORS,98176.00,5,49088.00
1001276,63,Female,Married,3,BACHELORS,99008.00,5,49504.00
1001277,54,Female,Married,2,HIGH_SCHOOL,74464.00,4,29785.60
1001278,60,Male,Married,2,BACHELORS,97760.00,4,39104.00
1001279,49,Female,Single,0,MASTERS,113984.00,1,11398.40
1001280,72,Male,Married,2,MASTERS,123552.00,4,49420.80
1001281,55,Female,Married,2,HIGH_SCHOOL,74880.00,4,29952.00
1001282,45,Female,Married,0,HIGH_SCHOOL,70720.00,2,14144.00
1001283,25,Female,Married,0,MASTERS,104000.00,2,20800.00
1001284,53,Female,Married,2,HIGH_SCHOOL,74048.00,4,29619.20
1001285,57,Male,Married,1,HIGH_SCHOOL,75712.00,3,22713.60
1001286,58,Male,Single,3,BACHELORS,96928.00,4,38771.20
1001287,52,Female,Married,0,HIGH_SCHOOL,73632.00,2,14726.40
1001288,77,Male,Married,1,MASTERS,125632.00,3,37689.60
1001289,30,Female,Single,2,NO_EDUCATION,43680.00,3,13104.00
1001290,67,Male,Married,3,HIGH_SCHOOL,79872.00,5,39936.00
1001291,26,Female,Married,0,BACHELORS,83616.00,2,16723.20
1001292,50,Male,Married,0,MASTERS,114400.00,2,22880.00
1001293,60,Female,Married,1,BACHELORS,97760.00,3,29328.00
1001294,66,Male,Married,1,BACHELORS,100256.00,3,30076.80
1001295,71,Female,Single,4,NO_EDUCATION,60736.00,5,30368.00
1001296,28,Female,Single,0,BACHELORS,84448.00,1,8444.80
1001297,36,Female,Married,2,HIGH_SCHOOL,66976.00,4,26790.40
1001298,74,Male,Single,3,HIGH_SCHOOL,82784.00,4,33113.60
1001299,49,Female,Single,0,BACHELORS,93184.00,1,9318.40
1001300,72,Female,Married,2,NO_EDUCATION,61152.00,4,24460.80
1001301,61,Female,Married,1,HIGH_SCHOOL,77376.00,3,23212.80
1001302,72,Female,Single,2,MASTERS,123552.00,3,37065.60
1001303,25,Male,Single,0,HIGH_SCHOOL,62400.00,1,6240.00
1001304,23,Male,Single,1,HIGH_SCHOOL,61568.00,2,12313.60
1001305,64,Male,Single,2,HIGH_SCHOOL,78624.00,3,23587.20
1001306,69,Male,Single,0,HIGH_SCHOOL,80704.00,1,8070.40
1001307,77,Female,Married,4,HIGH_SCHOOL,84032.00,6,50419.20
1001308,78,Male,Single,4,HIGH_SCHOOL,84448.00,5,42224.00
1001309,37,Male,Married,1,HIGH_SCHOOL,67392.00,3,20217.60
1001310,21,Female,Married,0,BACHELORS,81536.00,2,16307.20
1001311,58,Female,Married,2,HIGH_SCHOOL,76128.00,4,30451.20
1001312,60,Male,Single,3,MASTERS,118560.00,4,47424.00
1001313,20,Female,Single,3,BACHELORS,81120.00,4,32448.00
1001314,36,Male,Married,0,BACHELORS,87776.00,2,17555.20
1001315,39,Male,Married,0,HIGH_SCHOOL,68224.00,2,13644.80
1001316,66,Male,Married,1,HIGH_SCHOOL,79456.00,3,23836.80
1001317,20,Female,Single,0,MASTERS,101920.00,1,10192.00
1001318,68,Female,Single,0,NO_EDUCATION,59488.00,1,5948.80
1001319,25,Male,Married,1,HIGH_SCHOOL,62400.00,3,18720.00
1001320,46,Male,Married,1,NO_EDUCATION,50336.00,3,15100.80
1001321,59,Male,Married,1,NO_EDUCATION,55744.00,3,16723.20
1001322,33,Female,Married,0,NO_EDUCATION,44928.00,2,8985.60
1001323,63,Female,Married,2,NO_EDUCATION,57408.00,4,22963.20
1001324,56,Male,Married,1,HIGH_SCHOOL,75296.00,3,22588.80
1001325,38,Female,Married,1,HIGH_SCHOOL,67808.00,3,20342.40
1001326,42,Female,Single,1,NO_EDUCATION,48672.00,2,9734.40
1001327,41,Male,Married,3,NO_EDUCATION,48256.00,5,24128.00
1001328,65,Female,Married,4,HIGH_SCHOOL,79040.00,6,47424.00
1001329,39,Female,Married,0,HIGH_SCHOOL,68224.00,2,13644.80
1001330,39,Male,Married,2,BACHELORS,89024.00,4,35609.60
1001331,62,Female,Married,2,HIGH_SCHOOL,77792.00,4,31116.80
1001332,43,Male,Married,1,PHD,132288.00,3,39686.40
1001333,39,Female,Married,1,HIGH_SCHOOL,68224.00,3,20467.20
1001334,70,Male,Married,2,BACHELORS,101920.00,4,40768.00
1001335,59,Female,Single,2,HIGH_SCHOOL,76544.00,3,22963.20
1001336,41,Female,Married,3,HIGH_SCHOOL,69056.00,5,34528.00
1001337,71,Male,Single,2,BACHELORS,102336.00,3,30700.80
1001338,59,Female,Single,2,BACHELORS,97344.00,3,29203.20
1001339,58,Female,Married,0,MASTERS,117728.00,2,23545.60
1001340,59,Female,Single,1,HIGH_SCHOOL,76544.00,2,15308.80
1001341,66,Male,Married,2,NO_EDUCATION,58656.00,4,23462.40
1001342,27,Male,Single,1,NO_EDUCATION,42432.00,2,8486.40
1001343,53,Female,Single,4,MASTERS,115648.00,5,57824.00
1001344,20,Female,Married,1,HIGH_SCHOOL,60320.00,3,18096.00
1001345,76,Male,Single,2,HIGH_SCHOOL,83616.00,3,25084.80
1001346,41,Male,Single,3,NO_EDUCATION,48256.00,4,19302.40
1001347,24,Female,Single,0,BACHELORS,82784.00,1,8278.40
1001348,61,Female,Single,1,HIGH_SCHOOL,77376.00,2,15475.20
1001349,23,Female,Single,1,MASTERS,103168.00,2,20633.60
1001350,56,Female,Married,0,HIGH_SCHOOL,75296.00,2,15059.20
1001351,52,Female,Married,3,HIGH_SCHOOL,73632.00,5,36816.00
1001352,24,Male,Married,1,BACHELORS,82784.00,3,24835.20
1001353,53,Female,Single,2,HIGH_SCHOOL,74048.00,3,22214.40
1001354,67,Female,Single,3,NO_EDUCATION,59072.00,4,23628.80
1001355,45,Male,Married,1,HIGH_SCHOOL,70720.00,3,21216.00
1001356,51,Female,Married,2,BACHELORS,94016.00,4,37606.40
1001357,49,Female,Married,3,HIGH_SCHOOL,72384.00,5,36192.00
1001358,69,Male,Married,0,PHD,143104.00,2,28620.80
1001359,50,Female,Single,2,NO_EDUCATION,52000.00,3,15600.00
1001360,61,Female,Married,2,HIGH_SCHOOL,77376.00,4,30950.40
1001361,37,Female,Single,2,HIGH_SCHOOL,67392.00,3,20217.60
1001362,35,Female,Married,0,BACHELORS,87360.00,2,17472.00
1001363,53,Male,Married,1,HIGH_SCHOOL,74048.00,3,22214.40
1001364,20,Male,Single,2,BACHELORS,81120.00,3,24336.00
1001365,67,Male,Married,3,HIGH_SCHOOL,79872.00,5,39936.00
1001366,31,Female,Married,0,NO_EDUCATION,44096.00,2,8819.20
1001367,34,Female,Married,3,HIGH_SCHOOL,66144.00,5,33072.00
1001368,77,Female,Single,2,BACHELORS,104832.00,3,31449.60
1001369,56,Female,Married,0,BACHELORS,96096.00,2,19219.20
1001370,28,Male,Single,1,HIGH_SCHOOL,63648.00,2,12729.60
1001371,34,Female,Single,0,HIGH_SCHOOL,66144.00,1,6614.40
1001372,43,Male,Married,1,HIGH_SCHOOL,69888.00,3,20966.40
1001373,23,Male,Single,0,HIGH_SCHOOL,61568.00,1,6156.80
1001374,57,Male,Married,2,HIGH_SCHOOL,75712.00,4,30284.80
1001375,37,Female,Married,0,HIGH_SCHOOL,67392.00,2,13478.40
1001376,77,Male,Single,2,BACHELORS,104832.00,3,31449.60
1001377,31,Female,Married,2,HIGH_SCHOOL,64896.00,4,25958.40
1001378,21,Male,Married,0,NO_EDUCATION,39936.00,2,7987.20
1001379,35,Male,Single,0,HIGH_SCHOOL,66560.00,1,6656.00
1001380,62,Female,Single,0,HIGH_SCHOOL,77792.00,1,7779.20
1001381,30,Female,Single,3,NO_EDUCATION,43680.00,4,17472.00
1001382,21,Male,Married,1,MASTERS,102336.00,3,30700.80
1001383,21,Female,Married,2,HIGH_SCHOOL,60736.00,4,24294.40
1001384,68,Female,Single,1,PHD,142688.00,2,28537.60
1001385,40,Male,Married,2,MASTERS,110240.00,4,44096.00
1001386,58,Female,Married,3,BACHELORS,96928.00,5,48464.00
1001387,77,Male,Single,4,HIGH_SCHOOL,84032.00,5,42016.00
1001388,35,Female,Married,1,HIGH_SCHOOL,66560.00,3,19968.00
1001389,77,Female,Single,2,BACHELORS,104832.00,3,31449.60
1001390,51,Male,Married,3,HIGH_SCHOOL,73216.00,5,36608.00
1001391,21,Female,Single,1,NO_EDUCATION,39936.00,2,7987.20
1001392,65,Male,Married,2,BACHELORS,99840.00,4,39936.00
1001393,73,Male,Married,4,HIGH_SCHOOL,82368.00,6,49420.80
1001394,28,Male,Single,0,BACHELORS,84448.00,1,8444.80
1001395,57,Male,Married,4,HIGH_SCHOOL,75712.00,6,45427.20
1001396,66,Male,Single,4,BACHELORS,100256.00,5,50128.00
1001397,57,Female,Married,3,HIGH_SCHOOL,75712.00,5,37856.00
1001398,58,Male,Married,4,HIGH_SCHOOL,76128.00,6,45676.80
1001399,45,Male,Married,0,HIGH_SCHOOL,70720.00,2,14144.00
1001400,43,Male,Single,0,HIGH_SCHOOL,69888.00,1,6988.80
1001401,44,Female,Married,1,NO_EDUCATION,49504.00,3,14851.20
1001402,55,Male,Married,2,HIGH_SCHOOL,74880.00,4,29952.00
1001403,38,Male,Married,2,MASTERS,109408.00,4,43763.20
1001404,80,Female,Married,3,HIGH_SCHOOL,85280.00,5,42640.00
1001405,23,Female,Single,0,NO_EDUCATION,40768.00,1,4076.80
1001406,25,Male,Single,0,HIGH_SCHOOL,62400.00,1,6240.00
1001407,78,Male,Married,0,HIGH_SCHOOL,84448.00,2,16889.60
1001408,24,Male,Single,1,BACHELORS,82784.00,2,16556.80
1001409,63,Male,Married,1,HIGH_SCHOOL,78208.00,3,23462.40
1001410,21,Female,Single,0,HIGH_SCHOOL,60736.00,1,6073.60
1001411,53,Male,Married,1,MASTERS,115648.00,3,34694.40
1001412,63,Male,Single,2,HIGH_SCHOOL,78208.00,3,23462.40
1001413,62,Female,Single,2,HIGH_SCHOOL,77792.00,3,23337.60
1001414,27,Male,Married,1,HIGH_SCHOOL,63232.00,3,18969.60
1001415,31,Female,Married,3,BACHELORS,85696.00,5,42848.00
1001416,29,Male,Married,2,BACHELORS,84864.00,4,33945.60
1001417,30,Male,Single,0,HIGH_SCHOOL,64480.00,1,6448.00
1001418,67,Female,Married,3,MASTERS,121472.00,5,60736.00
1001419,36,Male,Married,0,BACHELORS,87776.00,2,17555.20
1001420,24,Male,Single,1,NO_EDUCATION,41184.00,2,8236.80
1001421,29,Female,Single,1,HIGH_SCHOOL,64064.00,2,12812.80
1001422,76,Male,Married,3,HIGH_SCHOOL,83616.00,5,41808.00
1001423,70,Female,Single,2,BACHELORS,101920.00,3,30576.00
1001424,34,Female,Married,1,BACHELORS,86944.00,3,26083.20
1001425,20,Male,Single,1,BACHELORS,81120.00,2,16224.00
1001426,40,Male,Married,2,HIGH_SCHOOL,68640.00,4,27456.00
1001427,78,Male,Single,3,HIGH_SCHOOL,84448.00,4,33779.20
1001428,48,Male,Married,3,HIGH_SCHOOL,71968.00,5,35984.00
1001429,39,Male,Married,1,BACHELORS,89024.00,3,26707.20
1001430,27,Female,Single,2,HIGH_SCHOOL,63232.00,3,18969.60
1001431,61,Male,Married,3,HIGH_SCHOOL,77376.00,5,38688.00
1001432,51,Female,Married,1,BACHELORS,94016.00,3,28204.80
1001433,65,Female,Single,2,HIGH_SCHOOL,79040.00,3,23712.00
1001434,56,Male,Single,3,HIGH_SCHOOL,75296.00,4,30118.40
1001435,65,Female,Single,2,BACHELORS,99840.00,3,29952.00
1001436,42,Male,Single,1,BACHELORS,90272.00,2,18054.40
1001437,68,Male,Single,2,MASTERS,121888.00,3,36566.40
1001438,36,Male,Married,2,BACHELORS,87776.00,4,35110.40
1001439,40,Female,Married,0,HIGH_SCHOOL,68640.00,2,13728.00
1001440,52,Male,Married,2,HIGH_SCHOOL,73632.00,4,29452.80
1001441,78,Female,Married,1,NO_EDUCATION,63648.00,3,19094.40
1001442,43,Male,Married,2,HIGH_SCHOOL,69888.00,4,27955.20
1001443,39,Male,Single,0,PHD,130624.00,1,13062.40
1001444,40,Male,Married,0,HIGH_SCHOOL,68640.00,2,13728.00
1001445,32,Female,Married,2,BACHELORS,86112.00,4,34444.80
1001446,79,Female,Married,3,BACHELORS,105664.00,5,52832.00
1001447,68,Female,Single,3,BACHELORS,101088.00,4,40435.20
1001448,59,Male,Single,0,BACHELORS,97344.00,1,9734.40
1001449,30,Female,Married,3,HIGH_SCHOOL,64480.00,5,32240.00
1001450,79,Female,Single,1,HIGH_SCHOOL,84864.00,2,16972.80
1001451,59,Female,Married,2,HIGH_SCHOOL,76544.00,4,30617.60
1001452,60,Female,Single,1,MASTERS,118560.00,2,23712.00
1001453,31,Female,Married,2,BACHELORS,85696.00,4,34278.40
1001454,66,Male,Single,4,NO_EDUCATION,58656.00,5,29328.00
1001455,38,Male,Single,0,HIGH_SCHOOL,67808.00,1,6780.80
1001456,45,Male,Married,4,BACHELORS,91520.00,6,54912.00
1001457,70,Female,Married,4,NO_EDUCATION,60320.00,6,36192.00
1001458,24,Female,Married,2,HIGH_SCHOOL,61984.00,4,24793.60
1001459,20,Male,Single,0,HIGH_SCHOOL,60320.00,1,6032.00
1001460,29,Male,Single,1,HIGH_SCHOOL,64064.00,2,12812.80
1001461,22,Male,Single,0,HIGH_SCHOOL,61152.00,1,6115.20
1001462,59,Male,Married,4,HIGH_SCHOOL,76544.00,6,45926.40
1001463,68,Female,Single,1,HIGH_SCHOOL,80288.00,2,16057.60
1001464,20,Male,Single,2,NO_EDUCATION,39520.00,3,11856.00
1001465,42,Male,Married,2,BACHELORS,90272.00,4,36108.80
1001466,66,Male,Married,2,MASTERS,121056.00,4,48422.40
1001467,61,Female,Married,2,MASTERS,118976.00,4,47590.40
1001468,39,Male,Married,0,BACHELORS,89024.00,2,17804.80
1001469,54,Female,Single,3,NO_EDUCATION,53664.00,4,21465.60
1001470,20,Male,Married,3,BACHELORS,81120.00,5,40560.00
1001471,63,Female,Married,3,HIGH_SCHOOL,78208.00,5,39104.00
1001472,40,Male,Married,0,HIGH_SCHOOL,68640.00,2,13728.00
1001473,57,Female,Single,2,NO_EDUCATION,54912.00,3,16473.60
1001474,67,Female,Married,2,HIGH_SCHOOL,79872.00,4,31948.80
1001475,77,Male,Married,2,MASTERS,125632.00,4,50252.80
1001476,53,Male,Single,2,NO_EDUCATION,53248.00,3,15974.40
1001477,63,Male,Married,1,HIGH_SCHOOL,78208.00,3,23462.40
1001478,26,Female,Single,0,HIGH_SCHOOL,62816.00,1,6281.60
1001479,53,Male,Single,4,HIGH_SCHOOL,74048.00,5,37024.00
1001480,33,Male,Single,0,NO_EDUCATION,44928.00,1,4492.80
1001481,53,Male,Single,1,NO_EDUCATION,53248.00,2,10649.60
1001482,76,Female,Married,2,BACHELORS,104416.00,4,41766.40
1001483,21,Male,Single,1,HIGH_SCHOOL,60736.00,2,12147.20
1001484,39,Male,Married,3,PHD,130624.00,5,65312.00
1001485,50,Male,Married,1,HIGH_SCHOOL,72800.00,3,21840.00
1001486,62,Male,Married,2,MASTERS,119392.00,4,47756.80
1001487,72,Male,Married,2,BACHELORS,102752.00,4,41100.80
1001488,62,Male,Married,2,HIGH_SCHOOL,77792.00,4,31116.80
1001489,34,Female,Married,0,HIGH_SCHOOL,66144.00,2,13228.80
1001490,72,Male,Married,1,HIGH_SCHOOL,81952.00,3,24585.60
1001491,52,Male,Single,1,BACHELORS,94432.00,2,18886.40
1001492,68,Female,Married,4,HIGH_SCHOOL,80288.00,6,48172.80
1001493,56,Male,Married,3,HIGH_SCHOOL,75296.00,5,37648.00
1001494,58,Female,Married,2,PHD,138528.00,4,55411.20
1001495,39,Male,Married,2,HIGH_SCHOOL,68224.00,4,27289.60
1001496,46,Female,Single,2,HIGH_SCHOOL,71136.00,3,21340.80
1001497,63,Male,Single,1,HIGH_SCHOOL,78208.00,2,15641.60
1001498,71,Female,Single,3,HIGH_SCHOOL,81536.00,4,32614.40
1001499,59,Male,Married,0,HIGH_SCHOOL,76544.00,2,15308.80
1001500,77,Male,Married,1,PHD,146432.00,3,43929.60
